№;Кластер;Направление;Приоритет;Компания;Роль;Закрывает;Шаблон;Канал;E-mail;Телефон;Страница;Дропшип;Отгрузка клиенту;Нейтрально;Мин. заказ;Фид;Приём заказа;Оплата;Срок отгрузки;Возвраты;Тема письма;Дата отправки;Повтор;Звонок;Ответ;Скидка/условия;Порог входа;Отсрочка;Фид/API;Статус;Комментарий
1;Привод, электрика и КИПиА;Электродвигатели;Неделя 1;Насос-Электропром (nasoselprom.ru);дистрибьютор;Асинхронные общепромышленные АИР, Двигатели под частотное регулирование;Дропшиппинг: прямая отгрузка нашим клиентам;форма заказа на сайте;;;https://nasoselprom.ru/price;частично;да — доставка «по вашему адресу» подтверждена, но не уточнено, что грузополучателем может быть третье лицо (клиент реселлера);неизвестно;неизвестно;нет — только статичный прайс-лист (nasoselprom.ru/price), YML/API не найдены;форма заказа на сайте / e-mail / телефон;"по счету или картой на складе; для нерезидентов — от 100 000 ₽";неизвестно;неизвестно;Сотрудничество по дропшиппингу: АИР, АМН, 5АМН, Полесьеэлектромаш, УралЭлектро — ПРОМКОНТУР;;;;;;;;;не отправлено;
2;Привод, электрика и КИПиА;Электродвигатели;Неделя 2;Могилёвский завод «Электродвигатель» (в составе ОАО «Могилёвлифтмаш»);производитель (Беларусь, ЕАЭС);Асинхронные общепромышленные АИР, Взрывозащищённые АИМЛ, ВА, ВРП, Двигатели с тормозом, Однофазные и малой мощности;Дропшиппинг: прямая отгрузка нашим клиентам;форма на сайте / дилер ГКНТ;;;https://mogilez.nt-rt.ru;неизвестно;неизвестно;неизвестно;неизвестно;нет;неизвестно;неизвестно;неизвестно;неизвестно;Сотрудничество по дропшиппингу: МЭЗ, АИР, АИРВЕ, ВР, 4ВР, 4ВС — ПРОМКОНТУР;;;;;;;;;не отправлено;
3;Привод, электрика и КИПиА;Электродвигатели;Неделя 2;ГК «Новые Технологии» (nt-rt.ru);мультибрендовый дистрибьютор;Крановые и металлургические, Высоковольтные 6–10 кВ;Дропшиппинг: прямая отгрузка нашим клиентам;форма на сайте;;;https://vemz.nt-rt.ru;неизвестно;неизвестно;неизвестно;неизвестно;нет;e-mail/форма на сайте;по счету / QR / карта, отгрузка после оплаты;неизвестно;неизвестно;Сотрудничество по дропшиппингу: ВЭМЗ, 7АVE, МЭЗ — ПРОМКОНТУР;;;;;;;;;не отправлено;
4;Привод, электрика и КИПиА;Электродвигатели;Неделя 2;Кубань ОРИС (kuboris.ru);крупный профильный поставщик запчастей для электродвигателей;Щётки, крыльчатки, кожухи, клеммные коробки (запчасти к двигателям);Запрос условий сервиса / КП;e-mail / телефон;i@tdkubanoris.ru;+7 918 030-13-42, +7 918 016-13-42;https://kuboris.ru/;неизвестно;неизвестно;неизвестно;неизвестно;нет;неизвестно;неизвестно;неизвестно;неизвестно;Запрос условий для B2B-площадки ПРОМКОНТУР — Электродвигатели;;;;;;;;;не отправлено;
5;Привод, электрика и КИПиА;Электродвигатели;Неделя 2;НПО «Электромашкомплект» (motors33.ru);производитель запчастей для электродвигателей;Щётки, крыльчатки, кожухи, клеммные коробки (запчасти к двигателям);Запрос условий сервиса / КП;форма на сайте / телефон;;;http://motors33.ru/;неизвестно;неизвестно;неизвестно;неизвестно;нет;неизвестно;неизвестно;неизвестно;неизвестно;Запрос условий для B2B-площадки ПРОМКОНТУР — Электродвигатели;;;;;;;;;не отправлено;
6;Привод, электрика и КИПиА;Электродвигатели;Резерв;ПромСнаб (psnab.ru);дистрибьютор;Щётки, крыльчатки, кожухи, клеммные коробки;Запрос условий сервиса / КП;e-mail/телефон;info@psnab.ru;+7 495 781-61-09;https://psnab.ru;неизвестно;неизвестно;неизвестно;неизвестно;нет;e-mail/телефон;безналичный расчёт, только юрлица;неизвестно;неизвестно;Запрос условий для B2B-площадки ПРОМКОНТУР — Электродвигатели;;;;;;;;;не отправлено;
7;Привод, электрика и КИПиА;Частотники и автоматика;Неделя 2;INSTART / ГК «Новые Технологии»;производитель/бренд (сборка КНР);ПЧ до 7,5 кВт, ПЧ 11–250 кВт, Устройства плавного пуска;Дропшиппинг: прямая отгрузка нашим клиентам;форма/дилер;;;https://instart-info.ru;неизвестно;неизвестно;неизвестно;неизвестно;нет;неизвестно;неизвестно;неизвестно;неизвестно;Сотрудничество по дропшиппингу: INSTART (VCI, FCI, MCI, LCI серии) — ПРОМКОНТУР;;;;;;;;;не отправлено;
8;Привод, электрика и КИПиА;Частотники и автоматика;Неделя 2;РусАвтоматизация (rusautomation.ru);официальный дилер INSTART;ПЧ до 7,5 кВт, ПЧ 11–250 кВт;Агентская схема — вознаграждение за заявку;форма на сайте;;;https://rusautomation.ru/info/brands/innovert;неизвестно;неизвестно;неизвестно;неизвестно;нет;форма на сайте;неизвестно;неизвестно;неизвестно;Партнёрство по привлечению заказчиков — Частотники и автоматика;;;;;;;;;не отправлено;
9;Привод, электрика и КИПиА;Частотники и автоматика;Неделя 2;Kinco Automation через kincohmi.ru;официальный дистрибьютор (заявлен «№1 в РФ и СНГ»);ПЛК, Панели HMI, Энкодеры и датчики положения;Дропшиппинг: прямая отгрузка нашим клиентам;форма на сайте;;;https://kincohmi.ru;неизвестно;неизвестно;неизвестно;неизвестно;нет;неизвестно;неизвестно;неизвестно;неизвестно;Сотрудничество по дропшиппингу: Kinco — ПРОМКОНТУР;;;;;;;;;не отправлено;
10;Привод, электрика и КИПиА;Частотники и автоматика;Неделя 2;Boneng Transmission через Veturado / Swiss Drive Systems;завод + прямой РФ-канал;Сервоприводы, Шкафы управления под заказ;Завод в Китае: цены, OEM, дистрибуция;форма на сайте;;;https://veturado.ru;неизвестно;неизвестно;неизвестно;неизвестно;нет;неизвестно;неизвестно;4–16 недель (по данным SDS, не для дропшип-модели);неизвестно;Distribution in Russia — Boneng / ПРОМКОНТУР;;;;;;;;;не отправлено;
11;Привод, электрика и КИПиА;КИПиА;Неделя 1;Приборы и Автоматика (k-avtomatika.ru);производитель РФ (приборы контроля давления, уровня, микроклимата);Датчики давления, Манометры, Регуляторы и вторичные приборы, Реле давления и температуры;Дропшиппинг: прямая отгрузка нашим клиентам;форма на сайте / e-mail;9880959@mail.ru;+7 (495) 712-32-09;https://www.k-avtomatika.ru/;да;да — прямая отправка третьим лицам заявлена как услуга;неизвестно — детали нейтральной упаковки/документов на сайте не раскрыты, требуется уточнение у менеджера;неизвестно;нет — YML/API на сайте не найдены, есть только каталог с открытыми ценами;форма на сайте / e-mail / телефон;неизвестно;неизвестно;неизвестно;Сотрудничество по дропшиппингу: Приборы и Автоматика, Ivit — ПРОМКОНТУР;;;;;;;;;не отправлено;
12;Привод, электрика и КИПиА;КИПиА;Неделя 2;ОВЕН;производитель РФ, прямые продажи + дилеры;Датчики давления, Манометры, Регуляторы и вторичные приборы, Реле давления и температуры, Отборные устройства и клапанные блоки;Запрос условий сервиса / КП;e-mail;support@owen.ru;;https://owen.ru;неизвестно;неизвестно;неизвестно;неизвестно;нет;e-mail (support@owen.ru);неизвестно;неизвестно;неизвестно;Запрос условий для B2B-площадки ПРОМКОНТУР — КИПиА;;;;;;;;;не отправлено;
13;Привод, электрика и КИПиА;КИПиА;Неделя 2;Группа «Теплоприбор» (Челябинск — Промприбор+Теплоконтроль+Теплоприбор);производитель РФ (приборы давления/температуры/расхода);Термосопротивления и термопары, Расходомеры и счётчики, Уровнемеры;Запрос условий сервиса / КП;телефон/e-mail;kip@teplopribor.net;+7 (495) 973-98-85;;неизвестно;неизвестно;неизвестно;неизвестно;нет;неизвестно;неизвестно;неизвестно;неизвестно;Запрос условий для B2B-площадки ПРОМКОНТУР — КИПиА;;;;;;;;;не отправлено;
14;Привод, электрика и КИПиА;КИПиА;Неделя 2;Элемер (НПП);производитель РФ (датчики давления/температуры);Датчики давления, Манометры;Запрос условий сервиса / КП;опросный лист на сайте;;;https://elemer.ru;неизвестно;неизвестно;неизвестно;неизвестно;нет;неизвестно;неизвестно;неизвестно;неизвестно;Запрос условий для B2B-площадки ПРОМКОНТУР — КИПиА;;;;;;;;;не отправлено;
15;Привод, электрика и КИПиА;КИПиА;Резерв;Метран (Промышленная группа, бывший актив Emerson);производитель РФ КИПиА;Датчики давления, Термосопротивления и термопары;Запрос условий сервиса / КП;e-mail/телефон;support@metran.ru;+7 (351) 24 24 000;;неизвестно;неизвестно;неизвестно;неизвестно;нет;неизвестно;неизвестно;неизвестно;неизвестно;Запрос условий для B2B-площадки ПРОМКОНТУР — КИПиА;;;;;;;;;не отправлено;
16;Привод, электрика и КИПиА;Электротехника;Неделя 1;EKF;производитель/бренд (сборка Китай+РФ);Модульные автоматы и УЗО, Силовые автоматы в литом корпусе, Контакторы и тепловые реле, Промежуточные реле и таймеры;Дропшиппинг: прямая отгрузка нашим клиентам;через дистрибьюторов (напр. Элком-Электро) или форма на сайте;;;https://ekfgroup.com;частично;неизвестно — продажа официально идёт «через дистрибьюторов (напр. Элком-Электро) или форму на сайте», прямая отгрузка EKF на адрес третьего лица не подтверждена;неизвестно;от 300 тыс ₽/год оборота для статуса авторизованного субдилера (не минимальный заказ, а годовой порог);да — API для партнёров (products/prices/stocks/product-analogs/product-urls), версионируемый REST;API для партнёров (группы методов Partners/EKF);отсрочка 30 дней (при скидке 50%) / 45 дней (при 48–49%) — для дилеров/субдилеров;неизвестно;неизвестно;Сотрудничество по дропшиппингу: EKF — ПРОМКОНТУР;;;;;;;;;не отправлено;
17;Привод, электрика и КИПиА;Электротехника;Неделя 1;КЭАЗ;производитель (низковольтная автоматика);Силовые автоматы в литом корпусе, Контакторы и тепловые реле, Щиты под заказ;Дропшиппинг: прямая отгрузка нашим клиентам;форма на сайте / телефон;sale@ru-keaz.com;+7 495 178-05-80;https://keaz.ru/partner/for-dealers;частично;нет напрямую без прямого договора поставки — интернет-магазины идут через региональных дистрибьюторов КЭАЗ;неизвестно;неизвестно (пороги по годовому обороту для группы дилеров — 9/15 млн ₽, не минимальный заказ на дропшип);да — XML/YML фиды по складам (products-google.xml, products.yml, products-electro-<город>.yml) + ETIM-номенклатура;REST API для дистрибьюторов (/restapi/office/...) по ключу из личного кабинета;неизвестно;неизвестно;неизвестно;Сотрудничество по дропшиппингу: КЭАЗ — ПРОМКОНТУР;;;;;;;;;не отправлено;
18;Привод, электрика и КИПиА;Электротехника;Неделя 1;ЭТМ / iPRO;дистрибьютор (крупнейший электротехнический в РФ);Клеммы, маркировка, DIN-рейки, Корпуса и шкафы, Кнопки, лампы, переключатели;Дропшиппинг: прямая отгрузка нашим клиентам;регистрация на promo.etm.ru;;;https://promo.etm.ru;да;да — прямо описана доставка «до двери конкретного грузополучателя» (грузополучатель может не совпадать с покупателем);неизвестно — явного упоминания нейтральной упаковки/документов не найдено, требуется уточнение у персонального менеджера;неизвестно;да — REST API iPRO (Price, Remains, Goods, SgGds, Info), лимит 1 запрос/сек на метод;да — API iPRO (POST /invoice/create — размещение заказа, GET /invoice — статус, POST /invoice/{id}/delivery — заявка на доставку);неизвестно (общие условия ЭТМ по дистрибьюторским договорам);через API доступен метод получения «доступных дат для отгрузки»;неизвестно;Сотрудничество по дропшиппингу: мультибренд (155+ производителей в ассортименте) — ПРОМКОНТУР;;;;;;;;;не отправлено;
19;Привод, электрика и КИПиА;Электротехника;Неделя 1;IEK GROUP (iek.ru);производитель РФ (низковольтная электротехника, крупнейший бренд кластера по узнаваемости);Модульные автоматы и УЗО, Клеммы, маркировка, DIN-рейки, Кнопки, лампы, переключатели;Дропшиппинг: прямая отгрузка нашим клиентам;регистрация на бизнес-платформе IEK как юрлицо;;;https://www.iek.ru/company/news/8691879/;частично;неизвестно — API даёт контент/остатки для собственной витрины партнёра, прямая отгрузка IEK на адрес конечного клиента партнёра не подтверждена, продажа идёт через дилеров;неизвестно;неизвестно;да — открытый REST API (iek.ru/api/products, /api/ddp) с ценами, остатками, изображениями, аналогами, 3D-моделями;неизвестно (API описан для наполнения контента и остатков, не как явный order-API);неизвестно;неизвестно;неизвестно;Сотрудничество по дропшиппингу: IEK, ITK, ONI, Generica — ПРОМКОНТУР;;;;;;;;;не отправлено;
20;Привод, электрика и КИПиА;Кабель и кабеленесущие системы;Неделя 1;Элком-Электро (el-com.ru);дистрибьютор (кабель, электро- и светотехника);Силовой ВВГ, АВВГ, ВБШв, Кабельные вводы, Муфты и наконечники;Дропшиппинг: прямая отгрузка нашим клиентам;e-mail/телефон;sale@el-com.ru;8-800-770-72-80;https://www.el-com.ru/nashim-klientam/online-store/;да;да — доставка по адресу подтверждена (по Москве/МО, по регионам индивидуально), явного ограничения «только на склад покупателя» не найдено;неизвестно — нейтральная отгрузка без бренда Элком-Электро на сайте не описана;бесплатная доставка от 110 000 ₽ (МКАД) / 140 000 ₽ (ЦКАД), платная доставка ниже этих сумм;да — API (наличие, характеристики, изображения, персональные цены);да — B2B-портал online.el-com.ru + API;отсрочка, факторинг, товарный кредит (для субдилеров с оборотом от 1,5 млн ₽/квартал);день в день при наличии на складе;неизвестно;Сотрудничество по дропшиппингу: мультибренд, 155+ производителей — ПРОМКОНТУР;;;;;;;;;не отправлено;
21;Привод, электрика и КИПиА;Кабель и кабеленесущие системы;Неделя 2;СМК / кабели КИМ® (smk-cabel.ru);производитель кабельной продукции для взрывоопасных зон;Кабель для взрывоопасных зон;Запрос условий сервиса / КП;форма на сайте / телефон;Info@smk-cabel.ru;8 (800) 250-96-05;https://smk-cabel.ru/;неизвестно;неизвестно;неизвестно;неизвестно;нет;неизвестно;неизвестно;неизвестно;неизвестно;Запрос условий для B2B-площадки ПРОМКОНТУР — Кабель и кабеленесущие системы;;;;;;;;;не отправлено;
22;Привод, электрика и КИПиА;Кабель и кабеленесущие системы;Неделя 2;Кабельный завод «Эксперт-Кабель» (expert-cable.ru);производитель кабельно-проводниковой продукции с широкой дилерской сетью;Кабель для взрывоопасных зон;Дропшиппинг: прямая отгрузка нашим клиентам;телефон;;+7 (495) 248-66-70, 8 800 707-66-70;https://expert-cable.ru/;неизвестно;неизвестно;неизвестно;неизвестно;нет;неизвестно;неизвестно;неизвестно;неизвестно;Сотрудничество по дропшиппингу: Эксперт-Кабель — ПРОМКОНТУР;;;;;;;;;не отправлено;
23;Привод, электрика и КИПиА;Кабель и кабеленесущие системы;Резерв;Камский кабель (kamkabel.ru);производитель РФ (крупнейший кабельный завод);Силовой ВВГ, АВВГ, ВБШв, Контрольный, Гибкий КГ, Огнестойкий нг(А)-FRLS;Запрос дилерских условий;форма на сайте;;;https://kamkabel.ru/franchise/;нет;нет — доставка партнёру-франчайзи организована через электронную торговую площадку транспортных компаний (kamkabel.ru/providers/logistika), а не на адрес конечного покупателя франчайзи;нет;неизвестно (франшиза, не дропшип-заказ);внутризаводская система для франчайзи («просмотр наличия кабеля на складе завода, расчёт доставки») — не общедоступный фид;личный кабинет франчайзи в внутризаводской системе;неизвестно;неизвестно;неизвестно;Дилерство Камкабель — ПРОМКОНТУР, направление «Кабель и кабеленесущие системы»;;;;;;;;;не отправлено;
24;Привод, электрика и КИПиА;Кабель и кабеленесущие системы;Резерв;ДКС (DKC);производитель (кабеленесущие системы, НВА);Лотки и короба;Запрос дилерских условий;через официальных партнёров;sale@dkc-msk.ru;;https://dkc-msk.ru;нет;нет — доставку до клиента организует и оплачивает сам «Участник Клуба» (то есть ПРОМКОНТУР), а не ДКС;неизвестно;неизвестно;неизвестно (для «Участников Клуба» может быть доступ к каталогу/остаткам, публично не описано);заказ через сайт club.dkc.ru от имени Участника;по реквизитам Участника Клуба (не ДКС);неизвестно;возврат — через склад Участника Клуба, а не ДКС;Дилерство ДКС — ПРОМКОНТУР, направление «Кабель и кабеленесущие системы»;;;;;;;;;не отправлено;
25;Привод, электрика и КИПиА;ИБП и электропитание;Неделя 1;Delta-IBP.ru;официальный дилер + дистрибьютор + сервисный центр Delta Electronics по РФ;Онлайн-ИБП 1–20 кВА, Трёхфазные ИБП 20–400 кВА;Дропшиппинг: прямая отгрузка нашим клиентам;телефон/e-mail;info@delta-ibp.ru;8-800-511-74-42;https://delta-ibp.ru;частично;да — доставка «до двери» по России подтверждена;неизвестно;неизвестно;нет — YML/API на сайте не найдены;форма заказа на сайте / e-mail;100% предоплата для доставки по регионам России;от 4 часов до нескольких рабочих дней в зависимости от наличия, вида доставки и формы оплаты;неизвестно;Сотрудничество по дропшиппингу: Delta (Ultron, Amplon, RT, HPH, DPH серии) — ПРОМКОНТУР;;;;;;;;;не отправлено;
26;Привод, электрика и КИПиА;ИБП и электропитание;Неделя 2;Delta Battery / ENERGON (delta-batt.com, delta-energon.ru);производитель РФ, бренд-зонтик АКБ;АКБ AGM/GEL;Дропшиппинг: прямая отгрузка нашим клиентам;e-mail/телефон;sales@energon.ru;8 (800) 775-61-01;https://delta-batt.com;неизвестно;неизвестно;неизвестно;неизвестно;нет;неизвестно;неизвестно;неизвестно;неизвестно;Сотрудничество по дропшиппингу: Delta Battery — ПРОМКОНТУР;;;;;;;;;не отправлено;
27;Привод, электрика и КИПиА;ИБП и электропитание;Неделя 2;Landata (ups-info.ru);дистрибьютор Eaton и Delta;Стабилизаторы, Блоки питания DIN;Запрос условий сервиса / КП;e-mail/телефон;power@landata.ru;+7 495 925-76-20;https://ups-info.ru;неизвестно;неизвестно;неизвестно;неизвестно;нет;неизвестно;неизвестно;неизвестно;неизвестно;Запрос условий для B2B-площадки ПРОМКОНТУР — ИБП и электропитание;;;;;;;;;не отправлено;
28;Привод, электрика и КИПиА;Дизель-генераторы;Неделя 2;ПК «Азимут» (gc-azimut.ru, generator-azimut.com);производитель РФ + официальная дилерская сеть;ДГУ открытые, в кожухе, Контейнерные, Шкафы АВР;Дропшиппинг: прямая отгрузка нашим клиентам;e-mail/телефон;sales@gc-azimut.ru;+7 495 125-25-42;https://gc-azimut.ru;неизвестно;неизвестно;неизвестно;неизвестно;нет;неизвестно;неизвестно;неизвестно;неизвестно;Сотрудничество по дропшиппингу: Azimut — ПРОМКОНТУР;;;;;;;;;не отправлено;
29;Привод, электрика и КИПиА;Дизель-генераторы;Неделя 2;Завод газовых машин / ЗГМ (gmenergo.ru);российский производитель газопоршневых и дизельных электростанций;Газопоршневые установки;Запрос условий сервиса / КП;форма на сайте / телефон;;8 901 059 18 00;https://gmenergo.ru/;неизвестно;неизвестно;неизвестно;неизвестно;нет;неизвестно;неизвестно;неизвестно;неизвестно;Запрос условий для B2B-площадки ПРОМКОНТУР — Дизель-генераторы;;;;;;;;;не отправлено;
30;Привод, электрика и КИПиА;Дизель-генераторы;Неделя 2;ДЖЕНЕРЕЙТОР СОЛЮШНЗ АС РУС (stamfordgenerator.ru);авторизованный дистрибьютор Cummins Generator Technologies (Stamford, AvK, Markon) в РФ;Запчасти, фильтры и контроллеры ДГУ;Дропшиппинг: прямая отгрузка нашим клиентам;e-mail / телефон;info@stamfordgenerator.ru;+7 (812) 940-70-84;https://stamfordgenerator.ru/;неизвестно;неизвестно;неизвестно;неизвестно;нет;неизвестно;неизвестно;неизвестно;неизвестно;Сотрудничество по дропшиппингу: Stamford, AvK, Markon — ПРОМКОНТУР;;;;;;;;;не отправлено;
31;Привод, электрика и КИПиА;Дизель-генераторы;Резерв;Заводы на базе Weichai/Cummins China (через торговые платформы Alibaba/Made-in-China);завод (Китай), прямых представительств в РФ по контейнерным ДГУ не найдено;Контейнерные, Запчасти и контроллеры ДГУ;ВЭД-партнёр: импорт под ключ;запрос КП через торговую платформу, прямых контактов конкретного завода не собрано;;;https://en.made-in-china.com;нет;нет;нет;MOQ по запросу у конкретного завода;нет;запрос КП через торговую платформу;неизвестно (типично предоплата по инвойсу для экспортных поставок);срок производства + логистика, недели;неизвестно;Регулярный импорт промоборудования из Китая — ПРОМКОНТУР;;;;;;;;;не отправлено;
32;Привод, электрика и КИПиА;Промышленное освещение;Неделя 1;GoodLight (goodlight.ru);производитель РФ (светодиодные светильники);Для высоких пролётов, Линейные складские, Прожекторы, Аварийное;Дропшиппинг: прямая отгрузка нашим клиентам;e-mail;info@goodlight.ru;+7 (963) 936-14-77;https://www.goodlight.ru/information/dropshipping.php;да;да — явно описана доставка по указанному адресу клиента по всей России;неизвестно — в тексте не уточнено, фигурирует ли бренд GoodLight в сопроводительных документах, отправляемых конечному клиенту;неизвестно (от 1 позиции по смыслу описания схемы, но явно не зафиксировано);нет — YML/API на сайте не найдены, требуется запрос прайса напрямую;e-mail / телефон, ручное оформление заявки менеджеру;клиент платит нам, мы оплачиваем GoodLight по оптовой цене (реселлер выступает промежуточным звеном по расчётам, не предоплата напрямую в адрес GoodLight от конечного клиента);неизвестно (упомянут «складской запас», что подразумевает отсутствие задержек, точный SLA не указан);неизвестно;Сотрудничество по дропшиппингу: GoodLight — ПРОМКОНТУР;;;;;;;;;не отправлено;
33;Привод, электрика и КИПиА;Промышленное освещение;Неделя 2;Световые Технологии (ltcompany.com);крупнейший производитель РФ;Для высоких пролётов, Линейные складские, IP65–IP69, Прожекторы, Аварийное;Дропшиппинг: прямая отгрузка нашим клиентам;форма на сайте;;;https://lt.nt-rt.ru;неизвестно;неизвестно;неизвестно;неизвестно;нет;неизвестно;неизвестно;неизвестно;неизвестно;Сотрудничество по дропшиппингу: Световые Технологии — ПРОМКОНТУР;;;;;;;;;не отправлено;
34;Привод, электрика и КИПиА;Промышленное освещение;Неделя 2;Атон (aton-svet.ru);производитель РФ (Нижний Новгород);IP65–IP69, Взрывозащищённые, Линейные складские;Дропшиппинг: прямая отгрузка нашим клиентам;форма на сайте;;;https://aton-svet.ru/dilery/;неизвестно;неизвестно;неизвестно;неизвестно;неизвестно;форма на сайте;гибкие условия оплаты (детали не раскрыты);неизвестно;неизвестно;Сотрудничество по дропшиппингу: Атон — ПРОМКОНТУР;;;;;;;;;не отправлено;
35;Привод, электрика и КИПиА;Промышленное освещение;Неделя 2;ГОРЭЛТЕХ (exd.ru);производитель взрывозащищённого оборудования;Взрывозащищённые;Запрос условий сервиса / КП;e-mail/телефон;mail@exd.ru;8 (800) 100-100-4;https://exd.ru;неизвестно;неизвестно;неизвестно;неизвестно;нет;неизвестно;неизвестно;неизвестно;неизвестно;Запрос условий для B2B-площадки ПРОМКОНТУР — Промышленное освещение;;;;;;;;;не отправлено;
36;Привод, электрика и КИПиА;Промышленное освещение;Неделя 2;LEDeffect / система SYNERGY (ledeffect.ru);российский производитель светильников и ПО для управления освещением;Системы управления освещением;Дропшиппинг: прямая отгрузка нашим клиентам;форма на сайте («Оставить заявку на расчёт»);;;https://ledeffect.ru/solutions/lighting-control/;неизвестно;неизвестно;неизвестно;неизвестно;нет;неизвестно;неизвестно;неизвестно;неизвестно;Сотрудничество по дропшиппингу: SYNERGY — ПРОМКОНТУР;;;;;;;;;не отправлено;
37;Привод, электрика и КИПиА;Промышленное освещение;Неделя 2;КБ «Трион» / СУО «Аструм» (trion-led.ru);российский разработчик системы управления освещением на протоколе DALI;Системы управления освещением;Запрос условий сервиса / КП;телефон / e-mail;zakaz@trion-led.ru;+7 (495) 560-48-57;https://trion-led.ru/catalog/sistemy-upravleniya-osveshcheniem-astrum/;неизвестно;неизвестно;неизвестно;неизвестно;нет;неизвестно;неизвестно;неизвестно;неизвестно;Запрос условий для B2B-площадки ПРОМКОНТУР — Промышленное освещение;;;;;;;;;не отправлено;
38;Привод, электрика и КИПиА;Энергосбережение;Неделя 2;Эталон (ettalon.ru);дистрибьютор/сборщик УКРМ с открытым прайсом;УКРМ, Регуляторы реактивной мощности;Запрос условий сервиса / КП;сайт/форма;;;https://ettalon.ru/catalog/ukrm;неизвестно;неизвестно;неизвестно;неизвестно;нет;форма на сайте;неизвестно;неизвестно;неизвестно;Запрос условий для B2B-площадки ПРОМКОНТУР — Энергосбережение;;;;;;;;;не отправлено;
39;Привод, электрика и КИПиА;Энергосбережение;Неделя 2;4-Energy (4-energy.ru);производитель РФ УКРМ;УКРМ, Конденсаторы и контакторы для УКРМ, Фильтры гармоник;Запрос условий сервиса / КП;форма на сайте;;;https://4-energy.ru;неизвестно;неизвестно;неизвестно;неизвестно;нет;неизвестно;неизвестно;неизвестно;неизвестно;Запрос условий для B2B-площадки ПРОМКОНТУР — Энергосбережение;;;;;;;;;не отправлено;
40;Привод, электрика и КИПиА;Энергосбережение;Неделя 2;Меркурий / Инкотекс через ГК «Новые Технологии» (mercury.nt-rt.ru);производитель РФ + дистрибьютор;Счётчики и анализаторы сети, Мониторинг энергопотребления;Дропшиппинг: прямая отгрузка нашим клиентам;форма на сайте;;;https://mercury.nt-rt.ru;неизвестно;неизвестно;неизвестно;неизвестно;нет;форма на сайте;по счету, отгрузка после оплаты (типовой паттерн сети nt-rt.ru);неизвестно;неизвестно;Сотрудничество по дропшиппингу: Меркурий (Инкотекс) — ПРОМКОНТУР;;;;;;;;;не отправлено;
41;Привод, электрика и КИПиА;Энергосбережение;Неделя 2;Sinexcel / Sinepower (sinepower.ru);поставщик активных фильтров гармоник Sinexcel в РФ;Фильтры гармоник;Дропшиппинг: прямая отгрузка нашим клиентам;e-mail / телефон;sales@sinepower.ru;+7 (812) 445 24 67;https://sinepower.ru/;неизвестно;неизвестно;неизвестно;неизвестно;нет;неизвестно;неизвестно;неизвестно;неизвестно;Сотрудничество по дропшиппингу: Sinexcel — ПРОМКОНТУР;;;;;;;;;не отправлено;
42;Привод, электрика и КИПиА;Энергосбережение;Неделя 2;SEDMAX (sedmax.ru);российский разработчик программной платформы диспетчеризации и учёта энергоресурсов;Системы мониторинга энергопотребления;Агентская схема — вознаграждение за заявку;форма на сайте / телефон;;8 (800) 301-35-01;https://sedmax.ru/;неизвестно;неизвестно;неизвестно;неизвестно;нет;неизвестно;неизвестно;неизвестно;неизвестно;Партнёрство по привлечению заказчиков — Энергосбережение;;;;;;;;;не отправлено;
43;Привод, электрика и КИПиА;Энергосбережение;Резерв;Челябинский завод электрооборудования (chelzeo.ru);производитель РФ УКРМ;УКРМ;Запрос условий сервиса / КП;e-mail;sales@chelzeo.ru;;https://chelzeo.ru;неизвестно;неизвестно;неизвестно;неизвестно;нет;неизвестно;неизвестно;неизвестно;неизвестно;Запрос условий для B2B-площадки ПРОМКОНТУР — Энергосбережение;;;;;;;;;не отправлено;
44;Перекачка, трубопровод, вода;Насосы;Неделя 2;ООО «ВИЛО РУС»;производитель (локальный завод, Ногинск) + сеть партнёров;консольно-моноблочные, циркуляционные ин-лайн, дренажные и фекальные, насосные станции повышения давления;Дропшиппинг: прямая отгрузка нашим клиентам;форма/контакты на сайте;;;https://wilo.ru/;неизвестно;неизвестно;неизвестно;неизвестно;нет;неизвестно;неизвестно;неизвестно;неизвестно;Сотрудничество по дропшиппингу: Wilo, Native — ПРОМКОНТУР;;;;;;;;;не отправлено;
45;Перекачка, трубопровод, вода;Насосы;Неделя 2;АО «ГМС Ливгидромаш»;производитель (завод, Ливны);консольные, консольно-моноблочные, запчасти и торцевые уплотнения к насосам;Дропшиппинг: прямая отгрузка нашим клиентам;анкета + заявка первому замуправляющего директора;sbyt@hms-livgidromash.ru;+7 (48677) 7-81-00;https://www.hms-livgidromash.ru/sale/how-to-become-dealer.php;неизвестно;неизвестно;неизвестно;неизвестно;нет;неизвестно;неизвестно (упоминается товарный кредит до 30 дней для дилеров, не для дропшип-партнёров);неизвестно;неизвестно;Сотрудничество по дропшиппингу: Ливгидромаш, К/КМ — ПРОМКОНТУР;;;;;;;;;не отправлено;
46;Перекачка, трубопровод, вода;Насосы;Неделя 2;ООО «ДЖИЛЕКС»;производитель (завод, Климовск/Подольск);скважинные, дренажные и фекальные, насосные станции повышения давления;Дропшиппинг: прямая отгрузка нашим клиентам;форма на сайте;sales@jeelex.ru;+7 (499) 400-55-55;https://jeelex.ru/dealers/terms-cooperation/;неизвестно;неизвестно;неизвестно;неизвестно;нет;неизвестно;неизвестно;неизвестно;неизвестно;Сотрудничество по дропшиппингу: Джилекс — ПРОМКОНТУР;;;;;;;;;не отправлено;
47;Перекачка, трубопровод, вода;Насосы;Неделя 2;ESPA RUS;офиц. представитель (Испания);вертикальные многоступенчатые, насосные станции повышения давления;Дропшиппинг: прямая отгрузка нашим клиентам;email/телефон;info@espa.ru;+7 (495) 730-43-06;https://espa.ru/about/kontakty/;неизвестно;неизвестно;неизвестно;неизвестно;нет;неизвестно;неизвестно;неизвестно;неизвестно;Сотрудничество по дропшиппингу: ESPA — ПРОМКОНТУР;;;;;;;;;не отправлено;
48;Перекачка, трубопровод, вода;Насосы;Неделя 2;ООО НПП «ГИДРИКС» / Doseuro (doseuro.su);эксклюзивный поставщик дозирующих насосов Doseuro (Италия) в РФ и СНГ;Дозировочные насосы;Дропшиппинг: прямая отгрузка нашим клиентам;e-mail / телефон;info@hydrig.ru;+7 (495) 788-01-88;https://doseuro.su/;неизвестно;неизвестно;неизвестно;неизвестно;нет;неизвестно;неизвестно;неизвестно;неизвестно;Сотрудничество по дропшиппингу: Doseuro — ПРОМКОНТУР;;;;;;;;;не отправлено;
49;Перекачка, трубопровод, вода;Насосы;Неделя 2;ООО «Дозирующие системы» / ETATRON D.S. (etatron.ru);официальный представитель ETATRON D.S. (Италия) в России и странах ЕАЭС;Дозировочные насосы;Дропшиппинг: прямая отгрузка нашим клиентам;e-mail / телефон;etatron@etatron.ru;8 (499) 757-1459, 8 800 707-4459;https://www.etatron.ru/about/;неизвестно;неизвестно;неизвестно;неизвестно;нет;неизвестно;неизвестно;быстрая отгрузка вероятна для 85% моделей в наличии, точный SLA не указан;неизвестно;Сотрудничество по дропшиппингу: ETATRON D.S. — ПРОМКОНТУР;;;;;;;;;не отправлено;
50;Перекачка, трубопровод, вода;Насосы;Резерв;ООО «СиэНПи Рус» (CNP/Aikon);офиц. дистрибьютор (единое торговое представительство завода Nanfang Pump Industry в РФ/СНГ);консольные, консольно-моноблочные, вертикальные многоступенчатые, циркуляционные ин-лайн;Запрос дилерских условий;дилерская политика/форма;;+7 800 333-10-74;https://www.cnprussia.ru/cooperation/dealers/dealers-policy/;нет;нет — компания явно закрывает канал прямого выхода на конечного потребителя;неизвестно;неизвестно;нет (публичного фида на сайте не найдено);неизвестно;неизвестно;неизвестно;неизвестно;Дилерство CNP, Aikon — ПРОМКОНТУР, направление «Насосы»;;;;;;;;;не отправлено;
51;Перекачка, трубопровод, вода;Насосы;Резерв;ООО «Йилмаз Рус» (турецкий завод Yılmaz/ELK/GAMAK);прямой дистрибьютор турецкого производителя;дозировочные;Запрос условий сервиса / КП;форма на сайте;;;https://yilmaz-rus.ru/;нет;неизвестно;неизвестно;неизвестно;нет;неизвестно;неизвестно;неизвестно (5–7 недель на импортные позиции — слишком долго для дропшип-модели);неизвестно;Запрос условий для B2B-площадки ПРОМКОНТУР — Насосы;;;;;;;;;не отправлено;
52;Перекачка, трубопровод, вода;Промышленная арматура;Неделя 2;АДЛ;производитель (РФ, МО) + прямые поставки европейских брендов;задвижки клиновые и шиберные, дисковые затворы, шаровые краны, обратные клапаны, регулирующие и предохранительные клапаны, фильтры сетчатые и грязевики;Дропшиппинг: прямая отгрузка нашим клиентам;телефон/email;info@adl.ru;+7 (495) 937-89-68;https://adl.ru/;неизвестно;неизвестно;неизвестно;неизвестно;нет;неизвестно;неизвестно;неизвестно;неизвестно;Сотрудничество по дропшиппингу: АДЛ — ПРОМКОНТУР;;;;;;;;;не отправлено;
53;Перекачка, трубопровод, вода;Промышленная арматура;Неделя 2;Tecofi (через официальных дилеров: ТермоПартнер, Ревитех-Пермь, Новатек, ВТП Инжиниринг);офиц. дистрибьюторы французского производителя;задвижки клиновые и шиберные, дисковые затворы, регулирующие и предохранительные клапаны, электро- и пневмоприводы;Дропшиппинг: прямая отгрузка нашим клиентам;через дилера, форма на сайте;;;https://termopartner.ru/brands/tecofi/;неизвестно;неизвестно;неизвестно;неизвестно;нет;неизвестно;неизвестно;неизвестно;неизвестно;Сотрудничество по дропшиппингу: Tecofi — ПРОМКОНТУР;;;;;;;;;не отправлено;
54;Перекачка, трубопровод, вода;Промышленная арматура;Неделя 2;Ридан (Ridan);производитель (Дзержинск) — также поворотные затворы;дисковые затворы;Дропшиппинг: прямая отгрузка нашим клиентам;форма на сайте;;;https://ridan.ru/distributors-and-service-partners;неизвестно;неизвестно;неизвестно;неизвестно;неизвестно (есть закрытая платформа «Ридан Online», формат фида не публичен);неизвестно;неизвестно;неизвестно;неизвестно;Сотрудничество по дропшиппингу: Ридан — ПРОМКОНТУР;;;;;;;;;не отправлено;
55;Перекачка, трубопровод, вода;Промышленная арматура;Резерв;Zhejiang Chaoda Valve Group (Chaoda Valves);производитель (Китай, Вэньчжоу);шаровые краны, задвижки клиновые и шиберные, обратные клапаны, дисковые затворы;ВЭД-партнёр: импорт под ключ;форма на chinavalve.com / Alibaba;;;http://www.chinavalve.com/blank41.html;нет;нет;неизвестно;MOQ 50–100 шт. (оптовая партия, не поштучно);нет;неизвестно;неизвестно;неизвестно (долгий цикл производства/логистики из Китая);неизвестно;Регулярный импорт промоборудования из Китая — ПРОМКОНТУР;;;;;;;;;не отправлено;
56;Перекачка, трубопровод, вода;Гидравлика;Неделя 1;ООО «Гидравия» (hydravia.ru);производитель/поставщик оборудования для РВД (рукава высокого давления, фитинги, БРС, опрессовочные станки) + программа «Интернет-партнёрство»;РВД и фитинги;Дропшиппинг: прямая отгрузка нашим клиентам;форма на сайте / телефон;info@hydravia.ru;+7 (812) 702-12-42;https://hydravia.ru/partner/internet/;частично;неизвестно — платформа рассчитана на собственный интернет-магазин партнёра с доставкой конечному покупателю, но прямая отгрузка на адрес клиента агрегатора (грузополучатель ≠ покупатель) явно не описана;неизвестно;неизвестно;да — синхронизация каталога/остатков через 1С, МойСклад, API (условия доступа к API вне готового тарифа не уточнены);личный кабинет партнёрской платформы + API;неизвестно (описана только приёмка платы от покупателя через Юkassa на витрине партнёра);неизвестно;неизвестно;Сотрудничество по дропшиппингу: Гидравия, Parker, VERSO, Powermaster, CAST — ПРОМКОНТУР;;;;;;;;;не отправлено;
57;Перекачка, трубопровод, вода;Гидравлика;Неделя 2;«Гидравлика-сервис» (Владимир, gidravlik33.ru);офиц. дилер PSM-Hydraulics + мультибренд;шестерённые/аксиально-поршневые/пластинчатые насосы, гидромоторы, распределители и клапаны, гидростанции;Дропшиппинг: прямая отгрузка нашим клиентам;форма на сайте;;;https://gidravlik33.ru/about/;неизвестно;неизвестно;неизвестно;неизвестно;неизвестно;неизвестно;неизвестно;неизвестно;неизвестно;Сотрудничество по дропшиппингу: PSM-Hydraulics, Camozzi, ATOS, SMC, Гидравлик, Гидроаппарат (Ульяновск) — ПРОМКОНТУР;;;;;;;;;не отправлено;
58;Перекачка, трубопровод, вода;Гидравлика;Резерв;«Гидравлик Групп» (Москва);сервис/производство РВД и гидроцилиндров;РВД и фитинги, уплотнения и ремкомплекты;Агентская схема — вознаграждение за заявку;телефон;;8 800 775-96-77;https://gidravlikgroup.ru/about/;нет;неизвестно;неизвестно;неизвестно;нет;неизвестно;неизвестно;неизвестно;неизвестно;Партнёрство по привлечению заказчиков — Гидравлика;;;;;;;;;не отправлено;
59;Перекачка, трубопровод, вода;Гидравлика;Резерв;Jiangsu Hengli Hydraulic Co. (Hengli Hydraulics);производитель (Китай, публичная компания, SSE 601100);гидроцилиндры, гидростанции, фильтры, баки, теплообменники;ВЭД-партнёр: импорт под ключ;форма на сайте;;;https://www.henglihydraulics.com/en/col749/;нет;нет;неизвестно;неизвестно (вероятно, оптовые партии);нет;неизвестно;неизвестно;неизвестно (долгий цикл, нужен ВЭД-агент);неизвестно;Регулярный импорт промоборудования из Китая — ПРОМКОНТУР;;;;;;;;;не отправлено;
60;Перекачка, трубопровод, вода;Пневматика;Неделя 2;«Би Энд Би Инжиниринг» (bb-engineering.ru);один из офиц. дилеров AirTAC + офиц. дилер Camozzi;пневмоцилиндры, распределители и острова, блоки подготовки воздуха, пневмоприводы арматуры;Дропшиппинг: прямая отгрузка нашим клиентам;форма на сайте;;;https://bb-engineering.ru/airtac/;неизвестно;неизвестно;неизвестно;неизвестно;нет;неизвестно;неизвестно;неизвестно;неизвестно;Сотрудничество по дропшиппингу: AirTAC, Camozzi — ПРОМКОНТУР;;;;;;;;;не отправлено;
61;Перекачка, трубопровод, вода;Пневматика;Неделя 2;ООО «Подшипникон» (podshipnikon.ru);офиц. дилер AirTAC;пневмоцилиндры, фитинги, пневмотрубки, датчики положения и ремкомплекты;Дропшиппинг: прямая отгрузка нашим клиентам;телефон/форма;;8 (800) 222-60-22;https://podshipnikon.ru/airtac;неизвестно;неизвестно;неизвестно;неизвестно;нет;неизвестно;неизвестно;неизвестно;неизвестно;Сотрудничество по дропшиппингу: AirTAC — ПРОМКОНТУР;;;;;;;;;не отправлено;
62;Перекачка, трубопровод, вода;Пневматика;Неделя 2;BB-Engineering (bb-engineering.ru);официальный дистрибьютор CAMOZZI, авторизованный партнёр FESTO и Schmalz в России;Вакуумные присоски и эжекторы;Дропшиппинг: прямая отгрузка нашим клиентам;e-mail / телефон;sale@bb-engineering.ru;+7(499)490-45-56;https://bb-engineering.ru/vakuumnye-zahvaty/;неизвестно;неизвестно;неизвестно;неизвестно;нет;неизвестно;неизвестно;неизвестно;неизвестно;Сотрудничество по дропшиппингу: CAMOZZI, FESTO, Schmalz, SMC — ПРОМКОНТУР;;;;;;;;;не отправлено;
63;Перекачка, трубопровод, вода;Пневматика;Резерв;China SNS Pneumatic (SNS (Ningbo) Technology Group);производитель (Китай/Тайвань);вакуумные присоски и эжекторы, пневмоцилиндры;ВЭД-партнёр: импорт под ключ;форма на сайте;;;https://snspneumatic.com/;нет;нет;неизвестно;неизвестно;нет;неизвестно;неизвестно;неизвестно;неизвестно;Регулярный импорт промоборудования из Китая — ПРОМКОНТУР;;;;;;;;;не отправлено;
64;Перекачка, трубопровод, вода;Теплообменное оборудование;Неделя 2;Ридан (Ridan);производитель (Дзержинск, РФ);разборные пластинчатые, паяные, кожухотрубные, пластины и уплотнения, БТП, охладители масла;Дропшиппинг: прямая отгрузка нашим клиентам;форма на сайте;;;https://ridan.ru/distributors-and-service-partners;неизвестно;неизвестно;неизвестно;неизвестно;неизвестно;неизвестно;неизвестно;неизвестно;неизвестно;Сотрудничество по дропшиппингу: Ридан — ПРОМКОНТУР;;;;;;;;;не отправлено;
65;Перекачка, трубопровод, вода;Теплообменное оборудование;Неделя 2;Новохим (opt.novochem.ru);единственный в РФ производитель, предлагающий и реагенты, и комплексные сервисные услуги по промывкам «под ключ»;Химическая промывка и сервисные комплекты;Дропшиппинг: прямая отгрузка нашим клиентам;форма на сайте / бесплатный телефон;sales@novochem.ru;8 (800) 234-49-33;https://opt.novochem.ru/;неизвестно;неизвестно;неизвестно;от 2000 л реагентов (для дилерского статуса — не дропшип-формат);нет;неизвестно;неизвестно;неизвестно;неизвестно;Сотрудничество по дропшиппингу: Новохим — ПРОМКОНТУР;;;;;;;;;не отправлено;
66;Перекачка, трубопровод, вода;Теплообменное оборудование;Неделя 2;Pipal Chemicals / ПРОМЫВАТОР (xn--80ad3ahdbhfq1g.xn--p1ai);производитель оборудования и химических растворов для промывки теплообменников и инженерных систем;Химическая промывка и сервисные комплекты;Дропшиппинг: прямая отгрузка нашим клиентам;форма на сайте;order@myPipal.ru;+7 (495) 771 71 17;https://xn--80ad3ahdbhfq1g.xn--p1ai/;неизвестно;неизвестно;неизвестно;неизвестно;нет;неизвестно;неизвестно;неизвестно;неизвестно;Сотрудничество по дропшиппингу: ПРОМЫВАТОР, Pipal Chemicals — ПРОМКОНТУР;;;;;;;;;не отправлено;
67;Перекачка, трубопровод, вода;Теплообменное оборудование;Резерв;Siping Juyuan Hanyang Plate Heat Exchanger Co. (THT Juyuan);производитель (Китай, Цзилинь);паяные, кожухотрубные;ВЭД-партнёр: импорт под ключ;форма на сайте;;;http://en.tht.cn/;нет;нет;неизвестно;неизвестно;нет;неизвестно;неизвестно;неизвестно (производство под заказ);неизвестно;Регулярный импорт промоборудования из Китая — ПРОМКОНТУР;;;;;;;;;не отправлено;
68;Перекачка, трубопровод, вода;Котельное оборудование;Неделя 2;Теплоприбор (Беларусь, ОАО, отопительные котлы);производитель;водогрейные котлы, расширительные баки и предохранительная арматура;Дропшиппинг: прямая отгрузка нашим клиентам;через партнёра МЕЙСТАРС;info@kotelrizon.ru;;https://kotelrizon.ru/;неизвестно;неизвестно (есть «бесплатная доставка» дилеру, про доставку конечному клиенту дилера не сказано);неизвестно;неизвестно;нет;неизвестно;неизвестно (для дилеров — отсрочка до 180 дней);неизвестно;неизвестно;Сотрудничество по дропшиппингу: Теплоприбор — ПРОМКОНТУР;;;;;;;;;не отправлено;
69;Перекачка, трубопровод, вода;Котельное оборудование;Неделя 2;Eremias Rus (eremias.ru);российский производитель модульных дымоходов из нержавеющей стали;Дымоходы и газоходы;Запрос условий сервиса / КП;e-mail / телефон;sales@eremias.ru;+7 (495) 664-23-78;https://eremias.ru/promyshlennye-dymohody/;неизвестно;неизвестно;неизвестно;неизвестно;нет;неизвестно;неизвестно;неизвестно;неизвестно;Запрос условий для B2B-площадки ПРОМКОНТУР — Котельное оборудование;;;;;;;;;не отправлено;
70;Перекачка, трубопровод, вода;Котельное оборудование;Неделя 2;РКМ Корп (roskotlomash.pro);производитель промышленных дымоходов и газоходов «под ключ»;Дымоходы и газоходы;Запрос условий сервиса / КП;e-mail;roskotlomash@yandex.ru;;https://roskotlomash.pro/products/;неизвестно;неизвестно;неизвестно;неизвестно;нет;неизвестно;неизвестно;неизвестно;неизвестно;Запрос условий для B2B-площадки ПРОМКОНТУР — Котельное оборудование;;;;;;;;;не отправлено;
71;Перекачка, трубопровод, вода;Котельное оборудование;Резерв;ЭНТРОРОС;производитель (СПб);водогрейные котлы, паровые котлы, автоматика котельных, БМК;Запрос дилерских условий;email/через представителя;opt2@prizma-npp.ru;8 (351) 2-777-666;http://thermoengineering.ru/ru/entroros;нет;неизвестно;неизвестно;неизвестно;нет;неизвестно;неизвестно;неизвестно;неизвестно;Дилерство Термотехник, ЭНТРОМАТИК — ПРОМКОНТУР, направление «Котельное оборудование»;;;;;;;;;не отправлено;
72;Перекачка, трубопровод, вода;Котельное оборудование;Резерв;Бийский котельный завод (БиКЗ);производитель (с 1942 г.);паровые котлы, водогрейные котлы;Запрос условий сервиса / КП;телефон;sibir@bikz.ru;8-800-333-19-19;;нет;неизвестно;неизвестно;неизвестно;нет;неизвестно;неизвестно;неизвестно;неизвестно;Запрос условий для B2B-площадки ПРОМКОНТУР — Котельное оборудование;;;;;;;;;не отправлено;
73;Перекачка, трубопровод, вода;Котельное оборудование;Резерв;Plumber Rus (эксклюзивный дистрибьютор Baltur);офиц. дистрибьютор (горелки, Италия);горелки;Запрос условий сервиса / КП;email/телефон;info@baltur.su;+7 (495) 101-15-75;;неизвестно;неизвестно;неизвестно;неизвестно;нет;неизвестно;неизвестно;неизвестно;неизвестно;Запрос условий для B2B-площадки ПРОМКОНТУР — Котельное оборудование;;;;;;;;;не отправлено;
74;Перекачка, трубопровод, вода;Водоподготовка;Неделя 2;Гейзер (geizer.com);производитель + эксклюзивный дистрибьютор импортных комплектующих;обратный осмос, умягчение, обезжелезивание, механическая фильтрация, УФ, мембраны, смолы, загрузки;Дропшиппинг: прямая отгрузка нашим клиентам;страница «Поставщикам/дилерам»;;;https://geizer.com/about/supply/;неизвестно;неизвестно;неизвестно;неизвестно;неизвестно;неизвестно;неизвестно;неизвестно;неизвестно;Сотрудничество по дропшиппингу: Гейзер, Clack, GE Osmonics, Pentair, Purolite, HM Digital, Runxin — ПРОМКОНТУР;;;;;;;;;не отправлено;
75;Перекачка, трубопровод, вода;Водоподготовка;Неделя 2;osmos.iceberg-filter.ru (iceberg-filter.ru);производитель систем обратного осмоса;обратный осмос, дозирование реагентов;Дропшиппинг: прямая отгрузка нашим клиентам;телефон/форма;;8 (800) 505-50-39;https://osmos.iceberg-filter.ru/punkty_vydachi_zakazov_dostavka/uslviya-dileram/;неизвестно;неизвестно;неизвестно;неизвестно;нет;неизвестно;неизвестно;неизвестно;неизвестно;Сотрудничество по дропшиппингу: Iceberg, osmos — ПРОМКОНТУР;;;;;;;;;не отправлено;
76;Перекачка, трубопровод, вода;Водоподготовка;Резерв;Vontron Technology;производитель мембран (Китай, публичная компания, входит в CRRC Group);мембраны, смолы, загрузки;Завод в Китае: цены, OEM, дистрибуция;форма на сайте;;;https://en.vontron.com/;нет;нет;неизвестно;MOQ (оптовые партии);нет;неизвестно;неизвестно;неизвестно;неизвестно;Distribution in Russia — Vontron / ПРОМКОНТУР;;;;;;;;;не отправлено;
77;Перекачка, трубопровод, вода;Очистные сооружения;Неделя 2;ТОПОЛ-ЭКО / ТОПАС;производитель (>20 лет на рынке, 10–13 складов по РФ);биологическая очистка, ливневые, жироуловители, нефте- и пескоуловители;Агентская схема — вознаграждение за заявку;форма на сайте / телефон;;+7 (495) 789-69-37;https://www.topol-eco.ru/for-dealers/;неизвестно;неизвестно (завод отгружает сам, но по своим документам и от своего имени — не подтверждена возможность отгрузки «под брендом» агрегатора);неизвестно;неизвестно (единичная септик-установка — от 1 шт.);нет;неизвестно;неизвестно;неизвестно;неизвестно;Партнёрство по привлечению заказчиков — Очистные сооружения;;;;;;;;;не отправлено;
78;Перекачка, трубопровод, вода;Очистные сооружения;Резерв;АО «Флотенк»;производитель (СПб, стеклопластиковые корпуса методом машинной намотки);КНС, флотаторы, нефте- и пескоуловители, обезвоживание осадка;Запрос условий сервиса / КП;телефон/email;sale@flotenk.ru;8 800 700 48 87;https://flotenk.ru/products/nasosnye-stantsii/;нет;неизвестно;неизвестно;неизвестно;нет;неизвестно;неизвестно;неизвестно (изготовление под заказ);неизвестно;Запрос условий для B2B-площадки ПРОМКОНТУР — Очистные сооружения;;;;;;;;;не отправлено;
79;Перекачка, трубопровод, вода;Очистные сооружения;Резерв;ООО «СБМ-Групп» / ЮНИЛОС;производитель/поставщик КНС и очистных;КНС, биологическая очистка;Дропшиппинг: прямая отгрузка нашим клиентам;email/личный кабинет партнёра;partner@unilos.ru;+7 (495) 279-25-35;https://partner.unilos.ru/;неизвестно;неизвестно;неизвестно;неизвестно;неизвестно;неизвестно (есть личный кабинет партнёра — возможно, через него передаются заказы);неизвестно;неизвестно;неизвестно;Сотрудничество по дропшиппингу: ЮНИЛОС, СБМ-Групп — ПРОМКОНТУР;;;;;;;;;не отправлено;
80;Перекачка, трубопровод, вода;Пожарное оборудование;Неделя 2;ЗАО «ПО «Спецавтоматика» (Бийск);производитель (единственное предприятие в РФ с полным спектром оборудования для систем водяного/пенного пожаротушения, сигнализации);насосные станции пожаротушения, шкафы управления пожарными насосами, узлы управления, оросители, приборы и извещатели;Дропшиппинг: прямая отгрузка нашим клиентам;email/телефон отдела продаж;sales@sa-biysk.ru;8-800-2008-208;https://sa-biysk.ru/offices/;неизвестно;неизвестно;неизвестно;неизвестно;нет;неизвестно;неизвестно;неизвестно;неизвестно;Сотрудничество по дропшиппингу: Спецавтоматика — ПРОМКОНТУР;;;;;;;;;не отправлено;
81;Перекачка, трубопровод, вода;Пожарное оборудование;Неделя 2;АДЛ;производитель (арматура, включая пожарные клапаны);пожарные клапаны;Дропшиппинг: прямая отгрузка нашим клиентам;телефон/email;info@adl.ru;+7 (495) 937-89-68;https://adl.ru/;неизвестно;неизвестно;неизвестно;неизвестно;нет;неизвестно;неизвестно;неизвестно;неизвестно;Сотрудничество по дропшиппингу: АДЛ — ПРОМКОНТУР;;;;;;;;;не отправлено;
82;Перекачка, трубопровод, вода;Пожарное оборудование;Неделя 2;ООО «ПОЖТЕХКОМ» (ptk53.ru);поставщик/производитель пожарных шкафов и рукавов (Великий Новгород/Боровичи);пожарные шкафы и рукава;Запрос условий сервиса / КП;телефон/прайс на сайте;;;https://ptk53.ru/prays_list;неизвестно;неизвестно;неизвестно;неизвестно;нет;неизвестно;неизвестно;неизвестно;неизвестно;Запрос условий для B2B-площадки ПРОМКОНТУР — Пожарное оборудование;;;;;;;;;не отправлено;
83;Перекачка, трубопровод, вода;Пожарное оборудование;Резерв;«Первая Пожарная Компания» (01ppk.ru);мультибрендовый дистрибьютор (офиц. представитель Спецавтоматика Бийск, БЗТМ, Гидрант, Уралмеханика, Огнеза);насосные станции пожаротушения, узлы управления, пожарные шкафы и рукава;Запрос дилерских условий;форма на сайте;;;http://01ppk.ru/dileram/;нет;неизвестно;неизвестно;неизвестно;нет;неизвестно;неизвестно;неизвестно;неизвестно;Дилерство Спецавтоматика, БЗТМ, Гидрант, Уралмеханика, Огнеза — ПРОМКОНТУР, направление «Пожарное оборудование»;;;;;;;;;не отправлено;
84;Воздух, климат и очистка;Компрессоры;Неделя 1;Бежецкий завод АСО;производитель;Винтовые, Поршневые, Ресиверы, Запчасти и сервисные комплекты;Дропшиппинг: прямая отгрузка нашим клиентам;форма на сайте;;;https://asobezh.ru/promo/partner/;частично;да — прямая доставка на адрес клиента подтверждена текстом дилерской страницы, детали (кто указан грузоотправителем) не раскрыты;неизвестно;неизвестно;нет данных на сайте — формат фида не упомянут, уточнять у менеджера;форма на сайте / встреча с руководителем дилерского направления;неизвестно (упомянута отсрочка «после периода успешной работы»);"неизвестно; есть региональные склады (напр. Новосибирск) для сокращения сроков";неизвестно (упомянута оплата гарантийных ремонтов дилеру, не конечному дропшип-партнёру);Сотрудничество по дропшиппингу: АСО — ПРОМКОНТУР;;;;;;;;;не отправлено;
85;Воздух, климат и очистка;Компрессоры;Неделя 1;ЗАО «Ремеза» / ТД Ремеза;производитель;Винтовые, Поршневые, Осушители рефрижераторные и адсорбционные, Ресиверы;Дропшиппинг: прямая отгрузка нашим клиентам;личный кабинет / телефон;;8-800-511-31-05;https://www.remeza-logistic.ru/;частично;неизвестно — есть филиалы во всех регионах, что технически позволяет быструю доставку до клиента, но модель «грузополучатель ≠ покупатель» не описана;неизвестно;неизвестно;"нет данных о публичном фиде; остатки видны только после регистрации профиля юрлица";личный кабинет после регистрации / телефон;неизвестно;неизвестно, склады во всех крупных регионах (Москва, СПб, Казань, Екатеринбург и др.);неизвестно;Сотрудничество по дропшиппингу: Remeza — ПРОМКОНТУР;;;;;;;;;не отправлено;
86;Воздух, климат и очистка;Компрессоры;Неделя 1;Компрессорный завод «Арсмаш» (ЗИФ);производитель;Винтовые, Поршневые, Запчасти и сервисные комплекты;Дропшиппинг: прямая отгрузка нашим клиентам;форма на сайте / телефон;diler@zif.su;8-800-200-28-43;https://diler.zif.su/;да;неизвестно — портал ориентирован на ЗИП/бронирование, прямая отгрузка конечному покупателю (не дилеру) отдельно не описана;неизвестно;неизвестно;да — XML/XLS/CSV каталог по выбранным категориям, скачивается через дилерский портал по запросу на n.savchenko@zif.su;дилерский портал diler.zif.su / e-mail diler@zif.su / телефон 8-800-200-28-43;неизвестно;"неизвестно; 250+ сервисных центров в РФ ускоряют логистику";неизвестно;Сотрудничество по дропшиппингу: ЗИФ — ПРОМКОНТУР;;;;;;;;;не отправлено;
87;Воздух, климат и очистка;Компрессоры;Неделя 1;ООО «БИГ Фильтр» (BIG FILTER);производитель;Магистральные фильтры и сепараторы, Запчасти и сервисные комплекты;Дропшиппинг: прямая отгрузка нашим клиентам;форма на сайте;;;https://bigfilter.com/partnership/dealers/;частично;неизвестно — судя по формулировкам, дистрибьюторы сами хранят и продают товар (в т.ч. на OZON), прямая отгрузка от завода на адрес клиента ПРОМКОНТУР не подтверждена;неизвестно;неизвестно (анкета просит «существующий объём продаж, руб./месяц»);нет данных о публичном фиде;анкета на сайте, далее — менеджер;неизвестно;неизвестно;неизвестно;Сотрудничество по дропшиппингу: BIG FILTER — ПРОМКОНТУР;;;;;;;;;не отправлено;
88;Воздух, климат и очистка;Компрессоры;Неделя 1;Haocheng (ООО «Механическое оборудование Haocheng», бренды Lusheng/HC-AC);производитель (Китай, прямой импорт);Безмасляные;Дропшиппинг: прямая отгрузка нашим клиентам;e-mail / WhatsApp;hc689com@163.com;+86-15397675238;https://hc-ac.ru/;да;неизвестно — гарантирована доставка «до адреса партнёра», переадресация на адрес конечного клиента в РФ не подтверждена отдельно;неизвестно;от 1 единицы товара (заявлено на сайте);нет данных о YML/API фиде;e-mail hc689com@163.com / WhatsApp +86-15397675238;неизвестно;"неизвестно; международная доставка из Китая";неизвестно;Сотрудничество по дропшиппингу: Lusheng, HC-AC — ПРОМКОНТУР;;;;;;;;;не отправлено;
89;Воздух, климат и очистка;Компрессоры;Неделя 2;КАЙШАН РУС / Кайшан Компрессор РУС;офиц. дистрибьютор;Винтовые, Ресиверы;Дропшиппинг: прямая отгрузка нашим клиентам;e-mail / телефон;info@kaishanrus.com;+7 800 444-11-07;https://www.kaishanrus.com/;неизвестно;неизвестно;неизвестно;неизвестно;нет;e-mail / телефон;неизвестно;"неизвестно; заявлен склад в Самаре и СПб";неизвестно;Сотрудничество по дропшиппингу: Kaishan — ПРОМКОНТУР;;;;;;;;;не отправлено;
90;Воздух, климат и очистка;Вентиляция и климат;Неделя 1;Ostberg (официальный дистрибьютор в РФ, сеть ostberg.com.ru);офиц. дистрибьютор;Радиальные и осевые вентиляторы, Крышные и канальные вентиляторы;Дропшиппинг: прямая отгрузка нашим клиентам;форма на сайте / e-mail;zakaz@ostberg.com.ru;8 (800) 550-20-72;https://ostberg.com.ru/;да;да — заявлено на карточке товара как условие оптовой цены;неизвестно;от 2 шт. (для оптовой цены с прямой отгрузкой);нет данных о публичном YML/API фиде;форма на сайте / e-mail zakaz@ostberg.com.ru;"неизвестно; частично предоплата почтовых/экспресс-отправок";неизвестно;гарантия от производителя 12 мес., условия возврата не детализированы;Сотрудничество по дропшиппингу: Ostberg — ПРОМКОНТУР;;;;;;;;;не отправлено;
91;Воздух, климат и очистка;Вентиляция и климат;Неделя 2;Systemair (ООО «Системэйр»);производитель;ПВУ, Радиальные и осевые вентиляторы, Крышные и канальные вентиляторы, Воздушно-отопительные агрегаты;Дропшиппинг: прямая отгрузка нашим клиентам;e-mail;info@systemair-rus.ru;;https://systemy-rus.ru/diller;неизвестно;неизвестно;неизвестно;неизвестно;нет данных;e-mail info@systemair-rus.ru;неизвестно;"неизвестно; >20 региональных складов заявлено";неизвестно;Сотрудничество по дропшиппингу: Systemair, Geniox, Topvex — ПРОМКОНТУР;;;;;;;;;не отправлено;
92;Воздух, климат и очистка;Вентиляция и климат;Неделя 2;Арктос (air-vent.pro);офиц. представитель / производитель;Радиальные и осевые вентиляторы, Клапаны и решётки;Дропшиппинг: прямая отгрузка нашим клиентам;e-mail / телефон;zakaz@air-vent.pro;+7 495 128 94 50;https://air-vent.pro/;неизвестно;неизвестно;неизвестно;неизвестно;нет данных (есть только PDF-прайс на решётки и диффузоры);e-mail zakaz@air-vent.pro / телефон;неизвестно;неизвестно;неизвестно;Сотрудничество по дропшиппингу: Арктос — ПРОМКОНТУР;;;;;;;;;не отправлено;
93;Воздух, климат и очистка;Вентиляция и климат;Неделя 2;Shuft;дистрибьюторская сеть (shuft.pro/ru-shuft.com);Чиллеры и фанкойлы, ПВУ;Дропшиппинг: прямая отгрузка нашим клиентам;e-mail;info@shuft.pro;;https://shuft.pro/partners/;неизвестно;неизвестно — адрес получателя указывается при заказе, но нет подтверждения, что это предусмотрено именно для модели «партнёр без своего склада»;неизвестно;неизвестно;нет данных;e-mail info@shuft.pro / форма на сайте, оптовые цены — ru-shuft.com/project-price/;100% предоплата (для отправки транспортной компанией);формируется на следующий день после оплаты;неизвестно;Сотрудничество по дропшиппингу: Shuft — ПРОМКОНТУР;;;;;;;;;не отправлено;
94;Воздух, климат и очистка;Вентиляция и климат;Резерв;ООО «Элстат»;производитель;Воздуховоды, Клапаны и решётки;Запрос условий сервиса / КП;форма на сайте;;;http://electroplaters.ru/catalog/elstat/;нет;неизвестно;неизвестно;неизвестно;нет;форма на сайте;неизвестно;неизвестно, изготовление часто под заказ;неизвестно;Запрос условий для B2B-площадки ПРОМКОНТУР — Вентиляция и климат;;;;;;;;;не отправлено;
95;Воздух, климат и очистка;Промышленный холод;Неделя 1;Polair (Инвест-холод, Марий-Эл);производитель;ККБ, Холодильные агрегаты и централи, Воздухоохладители, Автоматика, компрессоры, хладагенты;Дропшиппинг: прямая отгрузка нашим клиентам;форма на сайте / телефон;sales@polair-shop.ru;+7 800 301 33 65;https://www.polair-shop.ru/;да;да — дилер, назначенный системой, отгружает товар непосредственно покупателю;неизвестно — вероятно отгрузка от имени назначенного дилера, не от ПРОМКОНТУР;неизвестно;"нет данных о публичном YML для внешних площадок; сама platforма polair-shop.ru работает как маркетплейс дилеров";"неизвестно — форма заказа на polair-shop.ru; для подключения внешней площадки нужен отдельный запрос в отдел продаж";неизвестно;неизвестно;неизвестно;Сотрудничество по дропшиппингу: Polair — ПРОМКОНТУР;;;;;;;;;не отправлено;
96;Воздух, климат и очистка;Промышленный холод;Неделя 1;ПромХолодЮг;производитель / оптовый поставщик;ККБ, Холодильные агрегаты и централи, Воздухоохладители, Автоматика, компрессоры, хладагенты;Дропшиппинг: прямая отгрузка нашим клиентам;телефон / e-mail;kerch29892mechanik@gmail.com;+7 978 118-30-07;https://holodindustry.ru/company/promyshlennoe-oborudovanie/promkholodyug/;частично;неизвестно — компания указывает «доставка в регионы РФ» со склада в Керчи, но не описывает отгрузку от чужого имени;неизвестно;от 1 единицы (по данным профиля на агрегаторе, не проверено на собственном сайте);нет данных;телефон / e-mail;неизвестно;"неизвестно; самовывоз со склада в Керчи, доставка в регионы РФ по договорённости";неизвестно;Сотрудничество по дропшиппингу: Bitzer, Copeland, Frascold, Intercold, Lamel, Carel, Elitech, Dixell — ПРОМКОНТУР;;;;;;;;;не отправлено;
97;Воздух, климат и очистка;Промышленный холод;Неделя 2;«Полюс холода» (siss.ru);мультибрендовый дилер;Холодильные камеры, ККБ, Холодильные агрегаты и централи;Дропшиппинг: прямая отгрузка нашим клиентам;форма на сайте;;;https://siss.ru/firm/polyus-kholoda;неизвестно;неизвестно;неизвестно;неизвестно;нет данных;форма на сайте;оплата через банк, безналичный/наличный расчёт, кредит через ОТП Банк;неизвестно;неизвестно;Сотрудничество по дропшиппингу: Cryspi, Polair, Rada, Abat, Intercold, МХМ, Ирбис, Ариада — ПРОМКОНТУР;;;;;;;;;не отправлено;
98;Воздух, климат и очистка;Промышленный холод;Резерв;Ариада;производитель;ККБ, Холодильные агрегаты и централи;Запрос условий сервиса / КП;форма на сайте;;;https://ural-mart.ru/;неизвестно;неизвестно;неизвестно;неизвестно;нет;неизвестно;неизвестно;неизвестно;неизвестно;Запрос условий для B2B-площадки ПРОМКОНТУР — Промышленный холод;;;;;;;;;не отправлено;
99;Воздух, климат и очистка;Промышленные фильтры;Неделя 1;ООО «БИГ Фильтр» (BIG FILTER);производитель;Воздушные для компрессоров и двигателей, Масляные и топливные, Гидравлические;Дропшиппинг: прямая отгрузка нашим клиентам;форма на сайте;;;https://bigfilter.com/partnership/dealers/;частично;неизвестно — модель похожа на классическую дистрибуцию (закупка партиями), а не поштучный дропшип;неизвестно;неизвестно;нет данных о публичном фиде;анкета на сайте, далее — менеджер;неизвестно;неизвестно;неизвестно;Сотрудничество по дропшиппингу: BIG FILTER — ПРОМКОНТУР;;;;;;;;;не отправлено;
100;Воздух, климат и очистка;Промышленные фильтры;Неделя 1;ООО «ДСТС» (Donaldson);офиц. дистрибьютор;Воздушные для компрессоров и двигателей, Гидравлические, Для жидкостей и мешочные;Дропшиппинг: прямая отгрузка нашим клиентам;телефон / e-mail;;+7 495 987-39-99;https://filters-dsts.ru/;частично;неизвестно;неизвестно;неизвестно;"нет данных о YML/API; есть онлайн-каталог с поиском по номеру и проверкой наличия";телефон +7 495 987-39-99 / форма на сайте;рассрочка заявлена как преимущество, детали не раскрыты;"неизвестно; 8 складов сокращают логистику по регионам";неизвестно;Сотрудничество по дропшиппингу: Donaldson — ПРОМКОНТУР;;;;;;;;;не отправлено;
101;Воздух, климат и очистка;Промышленные фильтры;Неделя 1;FILTRON (ООО «ИТПК»);прямой импортёр / оптовый поставщик;Масляные и топливные;Дропшиппинг: прямая отгрузка нашим клиентам;форма на сайте / e-mail;;;https://filtron.ru/;да;неизвестно — заявлено как основная деятельность, но пошаговый механизм (кто указан отправителем) не описан;неизвестно;от 100 евро (Filtron, MAN, FEBI, Blue Print, BMW, SCANIA), от 2500 евро (Hengst);"нет данных о YML/API; есть большой онлайн-каталог на сайте";форма на сайте / менеджер;рассрочка/кредит на товары упомянуты как опция;быстрая доставка от производителя в Европе — заявлено, сроки не детализированы;неизвестно;Сотрудничество по дропшиппингу: Filtron, Hengst, Blue Print, Febi — ПРОМКОНТУР;;;;;;;;;не отправлено;
102;Воздух, климат и очистка;Промышленные фильтры;Резерв;ООО «Элстат»;производитель;Вентиляционные карманные/панельные, Картриджи для аспирации, Корпуса фильтров;Запрос условий сервиса / КП;форма на сайте;;;http://electroplaters.ru/catalog/elstat/;нет;неизвестно;неизвестно;неизвестно;нет;форма на сайте;неизвестно;неизвестно, часто изготовление под заказ;неизвестно;Запрос условий для B2B-площадки ПРОМКОНТУР — Промышленные фильтры;;;;;;;;;не отправлено;
103;Воздух, климат и очистка;Пылеулавливание и аспирация;Резерв;Завод АСПИРАТОР;производитель;Циклоны, Рукавные фильтры, Агрегаты для деревообработки, Местные отсосы;Агентская схема — вознаграждение за заявку;форма на сайте;;;https://aspirator.pro/;нет;нет — не применимо к проектной поставке;нет;не применимо;нет;не применимо — передача заявки по параметрам объекта, не заказ SKU;не применимо;не применимо;не применимо;Партнёрство по привлечению заказчиков — Пылеулавливание и аспирация;;;;;;;;;не отправлено;
104;Воздух, климат и очистка;Пылеулавливание и аспирация;Резерв;АО «СовПлим»;производитель;Рукавные фильтры, Картриджные, Циклоны;Агентская схема — вознаграждение за заявку;телефон;;8 800 555-83-03;;нет;нет;нет;не применимо;нет;не применимо;не применимо;не применимо;не применимо;Партнёрство по привлечению заказчиков — Пылеулавливание и аспирация;;;;;;;;;не отправлено;
105;Воздух, климат и очистка;Пылеулавливание и аспирация;Резерв;ЗАО «Консар» (Саров);производитель;Циклоны, Местные отсосы, Шлюзовые затворы и рукава;Агентская схема — вознаграждение за заявку;e-mail / телефон;konsar@yandex.ru;+7 (3952) 999-008;https://konsar.ru/;нет;неизвестно;неизвестно;50 000 ₽ с НДС (порог для дилерского договора, не для дропшипа);PDF-прайс через партнёра konsar.nt-rt.ru, не фид в реальном времени;e-mail / телефон;неизвестно;неизвестно;неизвестно;Партнёрство по привлечению заказчиков — Пылеулавливание и аспирация;;;;;;;;;не отправлено;
106;Воздух, климат и очистка;Пылеулавливание и аспирация;Резерв;ООО «Элстат» (ЭФВА для сварки);производитель;ФВА для сварки, Картриджные;Запрос условий сервиса / КП;форма на сайте;;;http://electroplaters.ru/catalog/elstat/;нет;нет;нет;не применимо;нет;не применимо;не применимо;не применимо;не применимо;Запрос условий для B2B-площадки ПРОМКОНТУР — Пылеулавливание и аспирация;;;;;;;;;не отправлено;
107;Воздух, климат и очистка;Очистка воздуха и газов;Резерв;НПО «Центр «ШВ»;производитель;Скрубберы, Адсорберы, Термическое/каталитическое окисление;Агентская схема — вознаграждение за заявку;форма (опросный лист) на сайте;;;https://xn----7sbbidzcq8ah0am6d.xn--p1ai/gas-scrubber.html;нет;нет;нет;не применимо;нет;не применимо;не применимо;не применимо;не применимо;Партнёрство по привлечению заказчиков — Очистка воздуха и газов;;;;;;;;;не отправлено;
108;Воздух, климат и очистка;Очистка воздуха и газов;Резерв;ООО «ЭКАТ» (Пермь);производитель;Термическое/каталитическое окисление, Скрубберы;Агентская схема — вознаграждение за заявку;форма на сайте;;+7 (342) 255-44-39;https://ekokataliz.ru/contacts/;нет;нет;нет;не применимо;нет;не применимо;не применимо;не применимо;не применимо;Партнёрство по привлечению заказчиков — Очистка воздуха и газов;;;;;;;;;не отправлено;
109;Воздух, климат и очистка;Очистка воздуха и газов;Резерв;ФИНГО (ПАО «СЗГО», Семибратовский завод газоочистного оборудования);производитель;Электрофильтры, Туманоуловители;Агентская схема — вознаграждение за заявку;телефон / e-mail;info@fingo.tech;+7 495 118-94-07;https://fingo.tech/ru/products/elektrofiltry/;нет;нет;нет;не применимо;нет;не применимо;не применимо;не применимо;не применимо;Партнёрство по привлечению заказчиков — Очистка воздуха и газов;;;;;;;;;не отправлено;
110;Воздух, климат и очистка;Очистка воздуха и газов;Резерв;АО «Кондор-Эко» (Семибратово);производитель;Электрофильтры;Агентская схема — вознаграждение за заявку;телефон / форма на сайте;info@kondor-eco.ru;+7(4852)20-80-25;https://kondor-eco.ru/product/elecfilter/90-jelektrofiltry-tipa-ogp-og.html;нет;нет;нет;не применимо;нет;не применимо;не применимо;не применимо;не применимо;Партнёрство по привлечению заказчиков — Очистка воздуха и газов;;;;;;;;;не отправлено;
111;Воздух, климат и очистка;Очистка воздуха и газов;Резерв;АО «Редкинский катализаторный завод»;производитель;Сорбенты и катализаторы;Запрос дилерских условий;телефон / e-mail;redk_catalys@bk.ru;(495) 411-94-25;https://recatalys.ru/contacts/;нет;неизвестно;неизвестно;неизвестно;нет;телефон / e-mail;неизвестно;неизвестно;неизвестно;Дилерство РК, ПК, АПН — ПРОМКОНТУР, направление «Очистка воздуха и газов»;;;;;;;;;не отправлено;
112;Воздух, климат и очистка;Очистка воздуха и газов;Резерв;ООО «Евротехлаб» (ETL);производитель;Мониторинг выбросов;Агентская схема — вознаграждение за заявку;e-mail / форма на сайте;office@evrotechlab.ru;;https://evrotechlab.ru/equipment/kompleks-postojannogo-kontrolja-vybrosov/;нет;нет;нет;не применимо;нет;не применимо;не применимо;не применимо;не применимо;Партнёрство по привлечению заказчиков — Очистка воздуха и газов;;;;;;;;;не отправлено;
113;Воздух, климат и очистка;Очистка воздуха и газов;Резерв;ЗАО НТЦ «Пергам»;производитель;Мониторинг выбросов;Агентская схема — вознаграждение за заявку;телефон / e-mail;gasleak@pergam.ru;+7(495) 775-75-25;https://www.pergam.ru/catalog/pci/eco/askv-pergam.htm;нет;нет;нет;не применимо;нет;не применимо;не применимо;не применимо;не применимо;Партнёрство по привлечению заказчиков — Очистка воздуха и газов;;;;;;;;;не отправлено;
114;Воздух, климат и очистка;Промышленные печи и сушильные камеры;Резерв;Terawood (sushilnyekamery.com);производитель;Сушильные камеры для древесины;Агентская схема — вознаграждение за заявку;форма на сайте;;;https://sushilnyekamery.com/partnyorskaya-programma;нет;нет;нет;не применимо;нет;не применимо;не применимо;не применимо;не применимо;Партнёрство по привлечению заказчиков — Промышленные печи и сушильные камеры;;;;;;;;;не отправлено;
115;Воздух, климат и очистка;Промышленные печи и сушильные камеры;Резерв;ООО «ЛКП Инжиниринг» (NOVA);производитель;Сушильные камеры для древесины;Агентская схема — вознаграждение за заявку;телефон / e-mail;info@nova.ru;+7(495)526-69-56;https://nova.ru/;нет;нет;нет;не применимо;нет;не применимо;не применимо;не применимо;не применимо;Партнёрство по привлечению заказчиков — Промышленные печи и сушильные камеры;;;;;;;;;не отправлено;
116;Воздух, климат и очистка;Промышленные печи и сушильные камеры;Резерв;СНОЛ-ТЕРМ (офиц. дистрибьютор SNOL);офиц. дистрибьютор;Муфельные печи, Сушильные шкафы, Печи термообработки;Запрос дилерских условий;телефон / e-mail;info@snol-term.ru;+7 (4822) 399-579;https://snol-term.ru/;нет;неизвестно;неизвестно;неизвестно;PDF-прайс через партнёра snol.nt-rt.ru, не фид в реальном времени;телефон / e-mail;неизвестно;неизвестно;неизвестно;Дилерство SNOL — ПРОМКОНТУР, направление «Промышленные печи и сушильные камеры»;;;;;;;;;не отправлено;
117;Воздух, климат и очистка;Промышленные печи и сушильные камеры;Резерв;ЗАО «Накал-Промышленные печи»;производитель;Печи термообработки, Сушильные шкафы, Нагреватели и горелки;Агентская схема — вознаграждение за заявку;телефон;;+7 (495) 994-08-86;https://www.nakal.ru/;нет;нет;нет;не применимо;нет;не применимо;не применимо;не применимо;не применимо;Партнёрство по привлечению заказчиков — Промышленные печи и сушильные камеры;;;;;;;;;не отправлено;
118;Механика, привод, запчасти;Редукторы и мотор-редукторы;Неделя 1;Завод редукторов ZR (zavod-red.ru);производитель (свой);Червячные, Цилиндрические соосные, Коническо-цилиндрические, Планетарные, Общепромышленные Ц2У, 1Ц2У, РМ, Плоские насадные;Дропшиппинг: прямая отгрузка нашим клиентам;личный кабинет / прямая интеграция;;;https://zavod-red.ru;да;да — отгрузка со своего производства на адрес клиента ПРОМКОНТУРа, управляется внутренне;да — документы и упаковка оформляются от имени ПРОМКОНТУРа (внутренний контроль);от 1 шт (кастомизируется внутренне);собственная выгрузка каталога ZR — формат и частота определяются внутренним проектом, готового фида на момент проверки нет;внутренняя интеграция / личный кабинет;внутренние условия — не внешний партнёр;по срокам изготовления/наличия конкретного типоразмера ZR — не проверялось на сайте;через ZR / ПРОМКОНТУР — внутренний процесс;Сотрудничество по дропшиппингу: ZR — ПРОМКОНТУР;;;;;;;;;не отправлено;
119;Механика, привод, запчасти;Редукторы и мотор-редукторы;Неделя 2;ООО «Компания АСТАТ» (Новосибирск) — офиц. представитель Guomao;офиц. дистрибьютор;Червячные, Цилиндрические соосные, Коническо-цилиндрические, Планетарные;Завод в Китае: цены, OEM, дистрибуция;телефон / форма на сайте;;+7 (383) 341-70-00;https://astat85.ru;неизвестно;неизвестно;неизвестно;неизвестно;нет;форма на сайте / телефон;неизвестно;15–35 дней (срок поставки от завода Guomao, не срок отгрузки со своего склада);неизвестно;Distribution in Russia — Guomao (Jiangsu Guomao Reducer) / ПРОМКОНТУР;;;;;;;;;не отправлено;
120;Механика, привод, запчасти;Редукторы и мотор-редукторы;Неделя 2;ООО «Йилмаз Рус» (yilmaz-rus.ru / yr.com.ru);офиц. дистрибьютор;Коническо-цилиндрические, Цилиндрические соосные, Плоские насадные;Дропшиппинг: прямая отгрузка нашим клиентам;форма на сайте;;;https://yilmaz-rus.ru;неизвестно;неизвестно;неизвестно;неизвестно;нет;форма на сайте;неизвестно;5–7 недель (под заказ из Турции, не со склада в РФ);неизвестно;Сотрудничество по дропшиппингу: Yılmaz Redüktör, ELK Motor, GAMAK — ПРОМКОНТУР;;;;;;;;;не отправлено;
121;Механика, привод, запчасти;Редукторы и мотор-редукторы;Резерв;Swiss Drive Systems (sdrives.ru) — прямой поставщик Boneng Transmission;офиц. дистрибьютор;Вариаторы и запчасти, Планетарные, Цилиндрические соосные;Завод в Китае: цены, OEM, дистрибуция;форма на сайте;;;https://sdrives.ru;нет;неизвестно;неизвестно;неизвестно;нет;форма заявки на сайте;неизвестно;4–16 недель (под заказ, не со склада);неизвестно;Distribution in Russia — Boneng / ПРОМКОНТУР;;;;;;;;;не отправлено;
122;Механика, привод, запчасти;Редукторы и мотор-редукторы;Резерв;«СПАРКС» (Новосибирск) — офиц. представитель Wuhan Supror / SUPROR;офиц. дистрибьютор;Цилиндрические соосные, Планетарные;Завод в Китае: цены, OEM, дистрибуция;форма на сайте;;;https://supror.ru;неизвестно;неизвестно;неизвестно;неизвестно;нет;форма на сайте;неизвестно;неизвестно (склад в Новосибирске есть по данным разведки, но условия отгрузки конечному клиенту не проверены);неизвестно;Distribution in Russia — Supror / ПРОМКОНТУР;;;;;;;;;не отправлено;
123;Механика, привод, запчасти;Редукторы и мотор-редукторы;Резерв;ГК «Новые технологии» / завод «РЕДУКТОР» (reduktor.nt-rt.ru);производитель / дистрибьютор;Общепромышленные Ц2У, 1Ц2У, РМ, Плоские насадные;Дропшиппинг: прямая отгрузка нашим клиентам;телефон / e-mail;rkd@nt-rt.ru;+7 (495) 268-04-70;https://reduktor.nt-rt.ru;неизвестно;неизвестно;неизвестно;неизвестно;нет;e-mail / телефон;неизвестно (страница «Оплата» есть, детали не проверялись);неизвестно;неизвестно;Сотрудничество по дропшиппингу: РЕДУКТОР — ПРОМКОНТУР;;;;;;;;;не отправлено;
124;Механика, привод, запчасти;Подшипники и комплектующие;Неделя 1;ООО «2РС» / ТД «Росподшипник» (2rs.ru);офиц. дистрибьютор;Шариковые, Роликовые;Дропшиппинг: прямая отгрузка нашим клиентам;телефон / e-mail;zakaz@2rs.ru;8 (800) 100-57-07;https://2rs.ru/contacts/;частично;неизвестно — вероятно да через собственный автопарк и транспортные компании, но явно не подтверждено;неизвестно;неизвестно;неизвестно — упомянуты личные кабинеты с ценами, формат экспортного фида (YML/XML/API) не указан;личный кабинет / интернет-магазин Bearingstore.ru;неизвестно;отгрузка в день заказа (заявлено на сайте);неизвестно;Сотрудничество по дропшиппингу: CRAFT bearings, МПЗ, ВПЗ, 10-ГПЗ, АПЗ-20, Rospod — ПРОМКОНТУР;;;;;;;;;не отправлено;
125;Механика, привод, запчасти;Подшипники и комплектующие;Неделя 1;ООО «Иннер Инжиниринг» (inner.su / thk.su);офиц. дистрибьютор;Шариковые, Роликовые, Линейные направляющие и втулки;Дропшиппинг: прямая отгрузка нашим клиентам;e-mail;sale@inner.su;+7 (499) 302-16-40;https://thk.su;частично;неизвестно;неизвестно;неизвестно;неизвестно — «гибкие условия для дистрибьюторов» заявлены без формата фида;e-mail / отдел продаж;онлайн-оплата доступна (заявлено);"экспресс-доставка из Китая под заказ (для позиций не в наличии); для складских позиций — неизвестно";неизвестно;Сотрудничество по дропшиппингу: ZWZ, THK — ПРОМКОНТУР;;;;;;;;;не отправлено;
126;Механика, привод, запчасти;Подшипники и комплектующие;Неделя 2;ООО «КПД М» (Мытищи) — офиц. дистрибьютор МПЗ в РФ;офиц. дистрибьютор;Роликовые;Дропшиппинг: прямая отгрузка нашим клиентам;форма на сайте;;;https://mpz-belarus.ru;неизвестно;неизвестно;неизвестно;неизвестно;нет;форма на сайте;неизвестно;неизвестно;неизвестно;Сотрудничество по дропшиппингу: МПЗ (Минский подшипниковый завод, бывш. ГПЗ-11) — ПРОМКОНТУР;;;;;;;;;не отправлено;
127;Механика, привод, запчасти;Подшипники и комплектующие;Неделя 2;ООО «АКСДЕКОМ» (aksdekom.ru);дистрибьютор;Приводные ремни, Цепи и звёздочки, Муфты;Дропшиппинг: прямая отгрузка нашим клиентам;e-mail / телефон;info@aksdekom.ru;+7 (495) 41-41-788;https://www.aksdekom.ru;неизвестно;неизвестно;неизвестно;неизвестно;нет;сайт / e-mail;неизвестно;неизвестно;неизвестно;Сотрудничество по дропшиппингу: мультибрендовый (шкивы, ремни, цепи, звёздочки, муфты) — ПРОМКОНТУР;;;;;;;;;не отправлено;
128;Механика, привод, запчасти;Подшипники и комплектующие;Неделя 2;Inner (snl-inner.ru);российский поставщик разъёмных подшипниковых корпусов SNL в сборе;Корпусные подшипниковые узлы;Дропшиппинг: прямая отгрузка нашим клиентам;телефон / e-mail;sale@inner.su;+7 (499) 302-16-40;https://snl-inner.ru/;неизвестно;неизвестно;неизвестно;неизвестно;нет;неизвестно;неизвестно;отгрузка в день заказа для стоковых позиций;неизвестно;Сотрудничество по дропшиппингу: SNL, SKF, FAG/INA, NSK, NTN, Timken — ПРОМКОНТУР;;;;;;;;;не отправлено;
129;Механика, привод, запчасти;Подшипники и комплектующие;Неделя 2;ГК BBCR (tdbbc.ru);производитель разъёмных подшипниковых узлов для тяжёлой промышленности;Корпусные подшипниковые узлы;Дропшиппинг: прямая отгрузка нашим клиентам;телефон / e-mail;zakaz@tdbbc.ru;+7 (495) 150-25-05;https://tdbbc.ru/razyomnye-korpusa/;неизвестно;неизвестно;неизвестно;неизвестно;нет;неизвестно;неизвестно;неизвестно;неизвестно;Сотрудничество по дропшиппингу: BBCR — ПРОМКОНТУР;;;;;;;;;не отправлено;
130;Механика, привод, запчасти;Подшипники и комплектующие;Резерв;ТД ЕПК (epkgroup.ru);производитель (единственный законный сбытовой канал);Роликовые, Шариковые;Запрос условий сервиса / КП;телефон;;+7 (495) 775-8130;https://epkgroup.ru/products/services/;нет;неизвестно;неизвестно;неизвестно;нет;телефон / прямой контакт;неизвестно;неизвестно;неизвестно;Запрос условий для B2B-площадки ПРОМКОНТУР — Подшипники и комплектующие;;;;;;;;;не отправлено;
131;Механика, привод, запчасти;Подшипники и комплектующие;Резерв;Xingtai-кластер РТИ (bpseal.com, en.wm-seal.com, xtxstyf.com);производитель (Китай, без РФ-представительства);Манжеты и сальники;ВЭД-партнёр: импорт под ключ;форма на сайте / Alibaba;;;https://en.wm-seal.com;нет;нет — доставка только консолидированной партией в РФ, не на адрес конечного клиента;неизвестно;MOQ 200 шт на типоразмер;нет;форма на сайте / Alibaba;неизвестно;недели (морская/ж/д доставка из Китая);неизвестно;Регулярный импорт промоборудования из Китая — ПРОМКОНТУР;;;;;;;;;не отправлено;
132;Механика, привод, запчасти;Запчасти для производства;Неделя 1;ООО «Компания Машкрепеж» (rus-bolt.ru);дилерская сеть;Крепёж;Дропшиппинг: прямая отгрузка нашим клиентам;e-mail / телефон;sales@rus-bolt.ru;+7 (499) 372-77-77;https://www.rus-bolt.ru;частично;неизвестно;неизвестно;от 1 упаковки (без минимальной суммы заказа);нет (заявлен каталог на сайте, автоматического фида не найдено);сайт / e-mail / телефон;«Условия поставки и оплаты... обсуждаются индивидуально с менеджером» (заявлено);отгрузка в течение 1 рабочего дня со склада в Житнево;неизвестно;Сотрудничество по дропшиппингу: мультибрендовый крепёж и метизы — ПРОМКОНТУР;;;;;;;;;не отправлено;
133;Механика, привод, запчасти;Запчасти для производства;Неделя 1;ГК «Параллель» (bolt57.ru);производитель;Крепёж;Дропшиппинг: прямая отгрузка нашим клиентам;форма на сайте;;;https://www.bolt57.ru;частично;неизвестно;неизвестно;"от 1 шт (для инженерных/нестандартных деталей); для серийного крепежа — неизвестно";нет;форма на сайте;неизвестно;неизвестно (производство под заказ, не складская отгрузка);неизвестно;Сотрудничество по дропшиппингу: Параллель — ПРОМКОНТУР;;;;;;;;;не отправлено;
134;Механика, привод, запчасти;Запчасти для производства;Неделя 1;ООО «РСК Роскрепеж» (rskcorp.ru);дистрибьютор;Крепёж;Дропшиппинг: прямая отгрузка нашим клиентам;e-mail / телефон;sales@rskg.ru;8 (812) 385-55-37;https://rskcorp.ru;частично;неизвестно;неизвестно;неизвестно;нет (явного фида/API на сайте не найдено);e-mail / телефон;неизвестно;"еженедельные поступления из Китая/Тайваня; складская отгрузка — сроки не уточнены";неизвестно;Сотрудничество по дропшиппингу: мультибрендовый крепёж и метизы (DIN/ГОСТ, Китай/Тайвань) — ПРОМКОНТУР;;;;;;;;;не отправлено;
135;Механика, привод, запчасти;Запчасти для производства;Неделя 2;ООО «РезиноМир» (rti-land.ru);производитель / поставщик;Ремкомплекты насосов и компрессоров, РТИ и кольца, Прокладки и паронит, Изготовление деталей по чертежу;Дропшиппинг: прямая отгрузка нашим клиентам;форма на сайте;moscow@rti-land.ru;+7 (499) 322-38-68;https://rti-land.ru;неизвестно;неизвестно;неизвестно;неизвестно (продажа от 1 упаковки не подтверждена явно);нет (заявлен расчёт по присланной спецификации/чертежу, не автоматический фид);e-mail (moscow@rti-land.ru) со спецификацией/чертежом;отсрочка до 45 дней для контрактов (заявлено);4 часа на сборку заявки, отгрузка в день оплаты до 15:00;неизвестно;Сотрудничество по дропшиппингу: РезиноМир — ПРОМКОНТУР;;;;;;;;;не отправлено;
136;Механика, привод, запчасти;Запчасти для производства;Неделя 2;ARP (arp-parts.ru);производитель;Ремкомплекты насосов и компрессоров, РТИ и кольца, Прокладки и паронит;Дропшиппинг: прямая отгрузка нашим клиентам;телефон;;+7 (495) 540-43-57;https://arp-parts.ru;неизвестно;неизвестно;неизвестно;неизвестно;нет;телефон;неизвестно;неизвестно;неизвестно;Сотрудничество по дропшиппингу: ARP — ПРОМКОНТУР;;;;;;;;;не отправлено;
137;Механика, привод, запчасти;Запчасти для производства;Неделя 2;ОМЗ «Леотек» (leotec.ru);контрактное производство полного цикла (изготовление деталей по чертежам, ЧПУ);Изготовление деталей по чертежу (контрактные ЧПУ-производства с B2B-сервисом заказа);Запрос условий сервиса / КП;e-mail / форма на сайте;cnc@leotec.ru;8 800 333-71-55;https://www.leotec.ru/metalloobrabotka/;неизвестно;неизвестно;неизвестно;неизвестно;нет;неизвестно;неизвестно;неизвестно;неизвестно;Запрос условий для B2B-площадки ПРОМКОНТУР — Запчасти для производства;;;;;;;;;не отправлено;
138;Механика, привод, запчасти;Запчасти для производства;Неделя 2;ВТМ (vtmehanika.ru);контрактное производство деталей на станках с ЧПУ на заказ;Изготовление деталей по чертежу (контрактные ЧПУ-производства с B2B-сервисом заказа);Запрос условий сервиса / КП;e-mail / форма на сайте;VTMEHANIKA@GMAIL.COM;+7 (495) 762 01 77;https://vtmehanika.ru/izgotovlenie-detalej-na-zakaz/izgotovlenie-detalej-chpu-na-zakaz/;неизвестно;неизвестно;неизвестно;минимальная стоимость заказа 5000 руб. (не дропшип-порог);нет;неизвестно;неизвестно;неизвестно;неизвестно;Запрос условий для B2B-площадки ПРОМКОНТУР — Запчасти для производства;;;;;;;;;не отправлено;
139;Механика, привод, запчасти;Запчасти для производства;Резерв;Xingtai S&P Mechanical Seal Factory (bpseal.com) и кластер Синтая;производитель (Китай);Торцевые уплотнения;ВЭД-партнёр: импорт под ключ;форма на сайте / Alibaba;;;https://bpseal.com;нет;нет;неизвестно;неизвестно;нет;форма на сайте / Alibaba;неизвестно;недели (международная доставка + инженерный подбор);неизвестно;Регулярный импорт промоборудования из Китая — ПРОМКОНТУР;;;;;;;;;не отправлено;
140;Механика, привод, запчасти;Запчасти для производства;Резерв;ГК «Новые технологии» / СПЕЦИЗДЕЛИЕ (pgsi.nt-rt.ru);дистрибьютор;Ремкомплекты насосов и компрессоров, Запчасти для станков и линий;Дропшиппинг: прямая отгрузка нашим клиентам;e-mail / телефон;png@nt-rt.ru;+7 (495) 268-04-70;https://pgsi.nt-rt.ru;неизвестно;неизвестно;неизвестно;неизвестно;нет;e-mail / телефон;неизвестно;неизвестно;неизвестно;Сотрудничество по дропшиппингу: СПЕЦИЗДЕЛИЕ — ПРОМКОНТУР;;;;;;;;;не отправлено;
141;Механика, привод, запчасти;Конвейерное оборудование;Неделя 2;ООО «Русконбельт» (rusconbelt.ru);офиц. дилер;Ролики и роликоопоры, Ленты, Мотор-барабаны, Приводные барабаны, Конвейеры под заказ;Дропшиппинг: прямая отгрузка нашим клиентам;телефон / e-mail;info@rusconbelt.ru;+7 (495) 234-23-57;https://rusconbelt.ru/kontakty/;неизвестно;неизвестно;неизвестно;неизвестно;нет;телефон / e-mail;неизвестно;неизвестно (заявлен «постоянный склад стандартных типоразмеров» по данным разведки, срок отгрузки на сайте не проверен);неизвестно;Сотрудничество по дропшиппингу: Interroll — ПРОМКОНТУР;;;;;;;;;не отправлено;
142;Механика, привод, запчасти;Конвейерное оборудование;Неделя 2;ООО «Детали машин» (bearing-spb.ru) — авторизованный дистрибьютор TSUBAKI;офиц. дистрибьютор;Цепи;Дропшиппинг: прямая отгрузка нашим клиентам;e-mail / телефон;sales@bearing-spb.ru;+7 (812) 676-28-16;https://www.bearing-spb.ru;неизвестно;неизвестно;неизвестно;неизвестно;нет;e-mail / телефон;неизвестно;неизвестно;неизвестно;Сотрудничество по дропшиппингу: Tsubaki — ПРОМКОНТУР;;;;;;;;;не отправлено;
143;Механика, привод, запчасти;Конвейерное оборудование;Неделя 2;ЦЕНТРОБЕЛТ (centrobelt.ru);поставщик очистителей конвейерных лент Flexco в России;Очистители лент и футеровка;Дропшиппинг: прямая отгрузка нашим клиентам;телефон / e-mail;info@centrobelt.ru;+7 495 133-95-28;https://centrobelt.ru/Flexco/Belt-Cleaning-Systems/;неизвестно;неизвестно;неизвестно;неизвестно;нет;неизвестно;неизвестно;неизвестно;неизвестно;Сотрудничество по дропшиппингу: Flexco — ПРОМКОНТУР;;;;;;;;;не отправлено;
144;Механика, привод, запчасти;Конвейерное оборудование;Неделя 2;ООО «Футурум» (futerovka-futurum.ru);российский производитель быстросъёмных элементов футеровки барабанов;Очистители лент и футеровка;Запрос условий сервиса / КП;форма на сайте / e-mail;futerovkaooo@inbox.ru;;https://futerovka-futurum.ru/;неизвестно;неизвестно;неизвестно;неизвестно;нет;неизвестно;неизвестно;неизвестно;неизвестно;Запрос условий для B2B-площадки ПРОМКОНТУР — Конвейерное оборудование;;;;;;;;;не отправлено;
145;Механика, привод, запчасти;Конвейерное оборудование;Резерв;Tangshan Jieli Electromechanical Equipment (Китай);производитель (Китай, без РФ-представительства);Ролики и роликоопоры;ВЭД-партнёр: импорт под ключ;форма на сайте / Alibaba;;;;нет;нет;неизвестно;"MOQ 100 000 шт (для выгодной цены); от 20 шт по цене, сопоставимой с розницей РФ";нет;форма на сайте / Alibaba;неизвестно;недели (международная доставка);неизвестно;Регулярный импорт промоборудования из Китая — ПРОМКОНТУР;;;;;;;;;не отправлено;
146;Механика, привод, запчасти;Подъёмное оборудование;Неделя 1;ООО ТД ТОР (gkrem.ru/dealer);дилерская сеть;Электротали, Ручные тали и лебёдки, Электролебёдки, Кран-балки, Запчасти;Дропшиппинг: прямая отгрузка нашим клиентам;личный кабинет дилера / телефон;;8-800-956-96-96;https://gkrem.ru/dealer/;да;да — прямая цитата «Доставка напрямую вашим клиентам»;неизвестно — про нейтральную упаковку/документы явно не сказано, требует уточнения;"первый заказ минимум 50 000 ₽ (порог входа в дилерскую программу; применим ли к каждому дропшип-заказу — неизвестно)";да — «выгрузка электронного каталога вам на сайт», формат (YML/XML/API) не уточнён на сайте;личный кабинет дилера (цена/наличие/срок онлайн, ЭДО в рамках кабинета);отсрочка платежей возможна (заявлено);неизвестно (конкретные сроки не указаны, но заявлено «более 1500000 единиц товара в наличии» на 28 филиалах);неизвестно;Сотрудничество по дропшиппингу: TOR — ПРОМКОНТУР;;;;;;;;;не отправлено;
147;Механика, привод, запчасти;Подъёмное оборудование;Неделя 2;TOR Industries — прямой представитель (tor-industries.pro);офиц. представитель;Электротали, Кран-балки;Дропшиппинг: прямая отгрузка нашим клиентам;телефон;zakaz@tor-industries.pro;+7 (499) 302-34-08;https://www.tor-industries.pro;неизвестно;неизвестно;неизвестно;неизвестно;нет;телефон;неизвестно;неизвестно;неизвестно;Сотрудничество по дропшиппингу: TOR — ПРОМКОНТУР;;;;;;;;;не отправлено;
148;Механика, привод, запчасти;Подъёмное оборудование;Резерв;ООО «ВЕКТОР» (tor-1.ru) — офиц. представитель TOR;офиц. представитель;Электротали, Ручные тали и лебёдки, Электролебёдки;Дропшиппинг: прямая отгрузка нашим клиентам;форма на сайте;;;https://tor-1.ru;неизвестно;неизвестно;неизвестно;неизвестно (бесплатная доставка от 50 000 ₽ упомянута в известных данных, не проверена на сайте напрямую);нет;форма на сайте;неизвестно;самовывоз в день оплаты (заявлено);неизвестно;Сотрудничество по дропшиппингу: TOR — ПРОМКОНТУР;;;;;;;;;не отправлено;
149;Механика, привод, запчасти;Подъёмное оборудование;Резерв;Nucleon (Xinxiang) Crane Co. (Китай);производитель (без подтверждённого РФ-дистрибьютора);Козловые и консольные краны, Электротали;ВЭД-партнёр: импорт под ключ;форма на сайте / Alibaba;;;;нет;нет;неизвестно;неизвестно;нет;форма на сайте / Alibaba;неизвестно;недели (международная доставка крупногабарита);неизвестно;Регулярный импорт промоборудования из Китая — ПРОМКОНТУР;;;;;;;;;не отправлено;
150;Механика, привод, запчасти;Промышленная химия;Неделя 1;ЛЛК-Интернешнл / ЛУКОЙЛ (b2b.lukoil-shop.ru, licard.ru);производитель;Гидравлические масла, Редукторные и индустриальные, Смазки;Дропшиппинг: прямая отгрузка нашим клиентам;телефон;help@b2b.lukoil-shop.ru;8 800 700-8-700;https://b2b.lukoil-shop.ru;частично;неизвестно — способ доставки выбирается при оформлении заказа, но привязка к адресу конечного клиента ПРОМКОНТУРа не подтверждена;неизвестно;от 1 шт (поштучная продажа заявлена);остатки в реальном времени на витрине сайта — доступность через API/фид для внешней синхронизации не подтверждена;личный кабинет на сайте b2b.lukoil-shop.ru;"оплата по счёту в личном кабинете; с 01.04.26 обязателен ЭДО для УОТ";неизвестно (обработка заказов и отгрузка 9:00–18:00 в будни, заявлено);неизвестно;Сотрудничество по дропшиппингу: ЛУКОЙЛ — ПРОМКОНТУР;;;;;;;;;не отправлено;
151;Механика, привод, запчасти;Промышленная химия;Неделя 2;SINTEC Lubricants (sinteclubricants.ru);производитель;Гидравлические масла, Редукторные и индустриальные, Компрессорные и турбинные, Смазки, Антикоррозионные составы;Дропшиппинг: прямая отгрузка нашим клиентам;форма «Стать дистрибьютором»;info@sintec.pro;8 800 201 40 40;https://sinteclubricants.ru/kompaniya/cooperation/;неизвестно;неизвестно;неизвестно;неизвестно;нет;форма на сайте;неизвестно;неизвестно;неизвестно;Сотрудничество по дропшиппингу: SINTEC — ПРОМКОНТУР;;;;;;;;;не отправлено;
152;Механика, привод, запчасти;Промышленная химия;Неделя 2;Гремлос (gremlos.ru);российский производитель СОЖ, гидравлических масел и технических жидкостей;СОЖ и масла для металлообработки;Дропшиппинг: прямая отгрузка нашим клиентам;телефон / e-mail;gremlos@mail.ru;+7 (800) 301-12-93;https://gremlos.ru/;неизвестно;неизвестно;неизвестно;неизвестно;нет;неизвестно;неизвестно;неизвестно;неизвестно;Сотрудничество по дропшиппингу: Гремлос — ПРОМКОНТУР;;;;;;;;;не отправлено;
153;Механика, привод, запчасти;Промышленная химия;Неделя 2;ООО «Квадро» / CRC (crc-industries.ru);авторизованный мастер-дистрибьютор-импортёр CRC Industries в РФ;Промышленные очистители и обезжириватели;Дропшиппинг: прямая отгрузка нашим клиентам;форма на сайте;;;https://crc-industries.ru/;неизвестно;неизвестно;неизвестно;неизвестно;нет;неизвестно;неизвестно;неизвестно;неизвестно;Сотрудничество по дропшиппингу: CRC — ПРОМКОНТУР;;;;;;;;;не отправлено;
154;Механика, привод, запчасти;Промышленная химия;Резерв;ООО «ТК «Гранд» — офиц. дистрибьютор Sinopec (sinopecrussia.ru);офиц. дистрибьютор;Гидравлические масла, Редукторные и индустриальные, Компрессорные и турбинные, Смазки;Запрос дилерских условий;форма на сайте;;;https://sinopecrussia.ru;нет;неизвестно;неизвестно;от 10 бочек (>2000 л);нет;форма на сайте;неизвестно;неизвестно;неизвестно;Дилерство Sinopec / Great Wall Lubricant — ПРОМКОНТУР, направление «Промышленная химия»;;;;;;;;;не отправлено;
155;Механика, привод, запчасти;Промышленная химия;Резерв;«ЭнергоТехСервис» — офиц. дистрибьютор Sinopec GS200-L;офиц. дистрибьютор;Компрессорные и турбинные;Дропшиппинг: прямая отгрузка нашим клиентам;форма на сайте;;;;неизвестно;неизвестно;неизвестно;неизвестно;нет;неизвестно;неизвестно;неизвестно;неизвестно;Сотрудничество по дропшиппингу: Sinopec — ПРОМКОНТУР;;;;;;;;;не отправлено;
156;Механика, привод, запчасти;Оборудование для металлообработки;Неделя 2;ООО «ПромГрупп» — офиц. дистрибьютор GESAC (gesac.com.ru);офиц. дистрибьютор;Твердосплавные пластины, Свёрла, развёртки, метчики, Фрезы;Дропшиппинг: прямая отгрузка нашим клиентам;телефон / e-mail;info@promgrupp.ru;+7 (919) 191-71-13;https://gesac.com.ru/contacts;неизвестно;неизвестно;неизвестно;неизвестно;нет;телефон / e-mail;неизвестно;неизвестно;неизвестно;Сотрудничество по дропшиппингу: GESAC (Xiamen Golden Egret Special Alloy) — ПРОМКОНТУР;;;;;;;;;не отправлено;
157;Механика, привод, запчасти;Оборудование для металлообработки;Неделя 2;«ИЗ-КП» / СИЗ-КП (iz-kp.ru, sizkp.ru), Екатеринбург;офиц. дилер Korloy;Твердосплавные пластины, Фрезы, Свёрла, развёртки, метчики;Дропшиппинг: прямая отгрузка нашим клиентам;e-mail / телефон;info@sizkp.ru;+7 (343) 251-99-09;https://iz-kp.ru;неизвестно;неизвестно;неизвестно;неизвестно;нет;e-mail / телефон;неизвестно;неизвестно;неизвестно;Сотрудничество по дропшиппингу: Korloy, YG-1, Триникс — ПРОМКОНТУР;;;;;;;;;не отправлено;
158;Механика, привод, запчасти;Оборудование для металлообработки;Неделя 2;ООО «ЮВЕНДУС» (uvendus.ru), Самара;дистрибьютор;Токарные патроны, Тиски и оснастка, Оправки и цанги;Дропшиппинг: прямая отгрузка нашим клиентам;телефон / e-mail;order@uvendus.ru;+7 929 703-33-39;https://uvendus.ru;неизвестно;неизвестно;неизвестно;неизвестно;нет;интернет-магазин на сайте;неизвестно;неизвестно;неизвестно;Сотрудничество по дропшиппингу: Bison (Польша), БелТапаз (Беларусь), СиСаранкс, Starda Force — ПРОМКОНТУР;;;;;;;;;не отправлено;
159;Механика, привод, запчасти;Оборудование для металлообработки;Неделя 2;Микрон (microntools.ru);крупный поставщик измерительного инструмента;Измерительный инструмент;Дропшиппинг: прямая отгрузка нашим клиентам;телефон / e-mail;sale03@microntools.ru;+7 (495) 104-72-41, 8 (800) 100-32-09;https://www.microntools.ru/;неизвестно;неизвестно;неизвестно;неизвестно;нет;неизвестно;неизвестно;неизвестно;неизвестно;Сотрудничество по дропшиппингу: Micron, мультибренд — ПРОМКОНТУР;;;;;;;;;не отправлено;
160;Механика, привод, запчасти;Оборудование для металлообработки;Резерв;ООО «Московский станкостроительный завод» — офиц. поставщик БЗСП;офиц. дилер;Токарные патроны;Дропшиппинг: прямая отгрузка нашим клиентам;телефон;;8 495 258 82 89;https://mosstanko.ru;неизвестно;неизвестно;неизвестно;неизвестно;нет;телефон;неизвестно;неизвестно;неизвестно;Сотрудничество по дропшиппингу: БЗСП (Барановичский завод станкопринадлежностей) — ПРОМКОНТУР;;;;;;;;;не отправлено;
161;Механика, привод, запчасти;Промышленный инструмент;Неделя 1;ООО ТД ТОР (gkrem.ru/dealer);дилерская сеть;Гидравлические домкраты и съёмники, Пневмоинструмент;Дропшиппинг: прямая отгрузка нашим клиентам;личный кабинет дилера / телефон;;8-800-956-96-96;https://gkrem.ru/dealer/;да;да — см. подробности в записи направления «Подъёмное оборудование»;неизвестно;первый заказ минимум 50 000 ₽;да — выгрузка электронного каталога, формат не уточнён;личный кабинет дилера;отсрочка платежей возможна;неизвестно;неизвестно;Сотрудничество по дропшиппингу: TOR — ПРОМКОНТУР;;;;;;;;;не отправлено;
162;Механика, привод, запчасти;Промышленный инструмент;Неделя 1;ZYBR.BY / ZUBR-Russia (zubr-russia.ru, zubr-rus.ru);дилерская сеть (реселлеры бренда);Электроинструмент, Абразивы, Наборы ручного;Дропшиппинг: прямая отгрузка нашим клиентам;телефон / e-mail;zakaz@zubr-russia.ru;+7 (495) 477-51-50;https://zubr-russia.ru/about-us/;частично;неизвестно — логистика по всей РФ подтверждена, адресация на конечного клиента отдельно не описана;неизвестно;неизвестно;нет;телефон / e-mail / онлайн-чат;«честные цены без звёздочек — с вас только товар + доставка» (заявлено, но это не условия для B2B-партнёра, а для конечного покупателя);неизвестно;неизвестно;Сотрудничество по дропшиппингу: ЗУБР — ПРОМКОНТУР;;;;;;;;;не отправлено;
163;Механика, привод, запчасти;Промышленный инструмент;Неделя 2;JONNESWAY (jonnesway.ru);производитель / дилерская сеть;Пневмоинструмент, Динамометрический, Наборы ручного;Дропшиппинг: прямая отгрузка нашим клиентам;форма заявки на дилерство;;;https://www.jonnesway.ru/page/partner/;неизвестно;неизвестно;неизвестно;неизвестно;нет;форма заявки на дилерство;неизвестно;неизвестно;неизвестно;Сотрудничество по дропшиппингу: Jonnesway, Ombra — ПРОМКОНТУР;;;;;;;;;не отправлено;
164;Механика, привод, запчасти;Промышленный инструмент;Неделя 2;ООО «Толсен Рус»;офиц. дистрибьютор;Электроинструмент, Наборы ручного;Дропшиппинг: прямая отгрузка нашим клиентам;e-mail;sales@tolsentools.com;;;неизвестно;неизвестно;неизвестно;неизвестно;нет;e-mail;неизвестно;неизвестно;неизвестно;Сотрудничество по дропшиппингу: Tolsen — ПРОМКОНТУР;;;;;;;;;не отправлено;
165;Механика, привод, запчасти;Промышленный инструмент;Неделя 2;Poliroff (poliroff.ru);единственный производитель хлопковых абразивных кругов и головок в РФ;Абразивы и расходные материалы;Дропшиппинг: прямая отгрузка нашим клиентам;форма «Стать дилером» на сайте;;;https://poliroff.ru/diler/;неизвестно;неизвестно;неизвестно;неизвестно;нет;форма «Стать дилером» на сайте;неизвестно;отгрузка 24–48 ч для 90% позиций в наличии;неизвестно;Сотрудничество по дропшиппингу: Poliroff — ПРОМКОНТУР;;;;;;;;;не отправлено;
166;Механика, привод, запчасти;Промышленный инструмент;Неделя 2;АО «Косулинский абразивный завод» (kosulino.ru);производитель шлифовальных кругов;Абразивы и расходные материалы;Дропшиппинг: прямая отгрузка нашим клиентам;форма на сайте;;;https://kosulino.ru/shlifovalnye-krugi/;неизвестно;неизвестно;неизвестно;неизвестно;нет;неизвестно;неизвестно;неизвестно;неизвестно;Сотрудничество по дропшиппингу: Косулинский абразивный завод — ПРОМКОНТУР;;;;;;;;;не отправлено;
167;Производство и обработка;Станки и ЧПУ;Неделя 1;Станкоимпорт (si-tools.ru);производитель/прямой поставщик оборудования и инструмента, эксклюзивный импортёр HANS;Токарные ЧПУ и универсальные, Сверлильные и ленточнопильные;Дропшиппинг: прямая отгрузка нашим клиентам;телефон / форма на сайте;;(495) 127-9-777;https://si-tools.ru/;частично;вероятно да — доставка до транспортной компании по всей России, но отгрузка именно на адрес третьего лица (нашего клиента) явно не описана;неизвестно;от 30 000 ₽ (для оптового направления инструмента, opt.si-tools.ru);нет (не найдено YML/API, оптовый прайс — по запросу через форму на сайте);личный кабинет / телефон;"отсрочка платежа 30 дней (для аккредитованных партнёров опт.портала); для новых партнёров по станкам — неизвестно";от 1 дня со склада в Москве (2000 м²);возврат/обмен непроданного товара — риск 0% (для оптовой программы инструмента);Сотрудничество по дропшиппингу: HANS, Станкоимпорт — ПРОМКОНТУР;;;;;;;;;не отправлено;
168;Производство и обработка;Станки и ЧПУ;Неделя 2;Интервесп (intervesp.ru);дистрибьютор станков (металл/дерево/мебель);Токарные ЧПУ и универсальные, Фрезерные и ОЦ;Дропшиппинг: прямая отгрузка нашим клиентам;форма «Дилерам»;;;https://intervesp.ru/company/dileram;неизвестно;неизвестно;неизвестно;неизвестно;неизвестно;неизвестно;неизвестно;неизвестно;неизвестно;Сотрудничество по дропшиппингу: мультибренд — ПРОМКОНТУР;;;;;;;;;не отправлено;
169;Производство и обработка;Станки и ЧПУ;Резерв;Metal Master (представительство бренда, Москва);производитель/бренд-владелец (Китай, представительство РФ);Токарные ЧПУ и универсальные, Фрезерные и ОЦ, Листогибы, Гильотины и вальцы, Сверлильные и ленточнопильные;Запрос дилерских условий;форма «Стать дилером» / e-mail;info@metalmaster.ru;+7 (495) 374-64-07, 8 (800) 775-78-34;https://metalmaster.ru/dileram/;нет;неизвестно;неизвестно;неизвестно;нет;неизвестно;неизвестно;неизвестно;неизвестно;Дилерство Metal Master — ПРОМКОНТУР, направление «Станки и ЧПУ»;;;;;;;;;не отправлено;
170;Производство и обработка;Станки и ЧПУ;Резерв;Энергостан (energostan.ru);дилер Bodor / продавец широкой линейки листового и лазерного оборудования;Оптоволоконные лазеры, Листогибы, Гильотины и вальцы;Агентская схема — вознаграждение за заявку;форма на сайте;;;https://www.energostan.ru/uslugi/partner/;нет;нет — сделку и отгрузку ведёт сама компания-продавец, а не мы;неизвестно;неизвестно;нет;неизвестно;неизвестно;неизвестно;неизвестно;Партнёрство по привлечению заказчиков — Станки и ЧПУ;;;;;;;;;не отправлено;
171;Производство и обработка;Станки и ЧПУ;Резерв;ТД «Мироград» (bodor-rus.ru);«золотой дилер» Bodor в РФ;Оптоволоконные лазеры;Запрос дилерских условий;форма на сайте;;;https://bodor-rus.ru/;нет;неизвестно;неизвестно;неизвестно;нет;неизвестно;неизвестно;неизвестно;неизвестно;Дилерство Bodor — ПРОМКОНТУР, направление «Станки и ЧПУ»;;;;;;;;;не отправлено;
172;Производство и обработка;Станки и ЧПУ;Резерв;Балт-Систем (newbsystem.ru);производитель (устройства ЧПУ, приводы, сервоприводы);Системы ЧПУ и модернизация;Агентская схема — вознаграждение за заявку;форма на сайте;;;http://newbsystem.ru/;нет;нет;неизвестно;неизвестно;нет;неизвестно;неизвестно;неизвестно;неизвестно;Партнёрство по привлечению заказчиков — Станки и ЧПУ;;;;;;;;;не отправлено;
173;Производство и обработка;Сварочное оборудование;Неделя 1;КЕДР / ГК «АВАНГАРД» (kedrweld.ru);бренд-владелец, сеть региональных дилеров (продукция Riland/КНР под локальным брендом с EAC);MIG/MAG, TIG, MMA;Дропшиппинг: прямая отгрузка нашим клиентам;e-mail / региональное представительство;info@kedrweld.ru;;https://kedrweld.ru/;частично;неизвестно (отгрузка описана дилеру/партнёру, не подтверждена на адрес конечного покупателя);неизвестно;неизвестно;да — XML/YML фид каталога с картинками, характеристиками и ценой (kedrweld.ru/bitrix/catalog_export/kedrweld-yml.xml), частота обновления не указана;личный менеджер / e-mail (msk.order@kedrweld.ru);неизвестно (публично упомянут только резерв товара без предоплаты до 7 дней);неизвестно;неизвестно;Сотрудничество по дропшиппингу: КЕДР — ПРОМКОНТУР;;;;;;;;;не отправлено;
174;Производство и обработка;Сварочное оборудование;Неделя 1;FoxWeld (foxweld.ru);производитель/поставщик с 1998 г., 10 региональных представительств;MIG/MAG, TIG, MMA, Плазменная резка, Горелки и комплектующие;Дропшиппинг: прямая отгрузка нашим клиентам;телефон / e-mail / анкета дилера;info@foxweld.ru;8 (800) 250-78-85;https://foxweld.ru/company/dealers;частично;неизвестно;неизвестно;неизвестно;неизвестно (не найдено YML/API на сайте);анкета дилера / e-mail / телефон;неизвестно;неизвестно (заявлена «оперативная доставка товаров»);неизвестно (заявлена расширенная гарантия до 5 лет через сеть сервис-центров);Сотрудничество по дропшиппингу: FoxWeld — ПРОМКОНТУР;;;;;;;;;не отправлено;
175;Производство и обработка;Сварочное оборудование;Неделя 1;ПО ВИЗ (vizinstrument.ru);оптовый поставщик сварочных электродов торговых марок Denzel, MTX, Сибртех;Проволока и электроды;Дропшиппинг: прямая отгрузка нашим клиентам;интернет-магазин / телефон;;;https://vizinstrument.ru/elektrody-optom.html;частично;вероятно да — доставка транспортными компаниями по указанному адресу, но прямая отгрузка именно на адрес третьего лица (нашего клиента) явно не описана;неизвестно;от 5 000 ₽;нет;интернет-магазин / телефон;неизвестно (сайт интернет-магазина, вероятна предоплата);отгрузка в день заказа;неизвестно;Сотрудничество по дропшиппингу: Denzel, MTX, Сибртех — ПРОМКОНТУР;;;;;;;;;не отправлено;
176;Производство и обработка;Сварочное оборудование;Неделя 2;Сварог / ООО «Металлострой СПб» (svarog-rf.ru, ms-spb.com);официальный дистрибьютор Jasic (Shenzhen Jasic Technology) в РФ под брендом «Сварог»;MIG/MAG;Дропшиппинг: прямая отгрузка нашим клиентам;телефон / форма на сайте / анкета на e-mail;info@svarog-rf.ru;8 800 55-12-123;https://ms-spb.com/;неизвестно;неизвестно;неизвестно;неизвестно;неизвестно;неизвестно;неизвестно;неизвестно;неизвестно;Сотрудничество по дропшиппингу: Сварог, Jasic — ПРОМКОНТУР;;;;;;;;;не отправлено;
177;Производство и обработка;Сварочное оборудование;Неделя 2;ESAB Россия (esab.ru);производитель сварочных материалов и оборудования (локализация в РФ);Горелки и комплектующие, Проволока и электроды;Дропшиппинг: прямая отгрузка нашим клиентам;e-mail / телефон;info@esab.ru;+7 (495) 663-20-08;https://esab.ru/;неизвестно;неизвестно;неизвестно;неизвестно;неизвестно;неизвестно;неизвестно;неизвестно;неизвестно;Сотрудничество по дропшиппингу: ESAB — ПРОМКОНТУР;;;;;;;;;не отправлено;
178;Производство и обработка;Сварочное оборудование;Неделя 2;ГК «Восток-Сервис»;крупнейший производитель/поставщик спецодежды, спецобуви, СИЗ в РФ (120+ филиалов, 280 магазинов, 56 регионов + СНГ);Средства защиты сварщика;Дропшиппинг: прямая отгрузка нашим клиентам;по региональному филиалу;;;https://vostok.ru;неизвестно;неизвестно;неизвестно;неизвестно;нет;неизвестно;неизвестно;неизвестно;неизвестно;Сотрудничество по дропшиппингу: Восток-Сервис — ПРОМКОНТУР;;;;;;;;;не отправлено;
179;Производство и обработка;Промышленные роботы;Неделя 2;FANUC Russia (fanuc-russia.ru);официальный сайт/продажи FANUC в России;Коллаборативные роботы;Дропшиппинг: прямая отгрузка нашим клиентам;форма на сайте / через официальных представителей (напр. НКР в Екатеринбурге);;;https://fanuc-russia.ru/roboty/;неизвестно;неизвестно;неизвестно;неизвестно;нет;неизвестно;неизвестно;неизвестно;неизвестно;Сотрудничество по дропшиппингу: FANUC — ПРОМКОНТУР;;;;;;;;;не отправлено;
180;Производство и обработка;Промышленные роботы;Резерв;Промэнерго Автоматика (universal-cobot.ru);официальный дистрибьютор Universal Robots, JAKA, OnRobot, Rozum Robotics;Манипуляторы, Коботы, Захваты;Запрос дилерских условий;форма на сайте;;;https://universal-cobot.ru/about.php;нет;неизвестно;неизвестно;неизвестно;нет;неизвестно;неизвестно;неизвестно;неизвестно;Дилерство Universal Robots, JAKA, OnRobot, Rozum Robotics — ПРОМКОНТУР, направление «Промышленные роботы»;;;;;;;;;не отправлено;
181;Производство и обработка;Промышленные роботы;Резерв;RobSys (jakarobotics.ru);официальный дистрибьютор JAKA, Estun, Carl Cloos, Doosan Robotics;Манипуляторы;Запрос дилерских условий;телефон / e-mail;info@jakarobotics.ru;+7 (343) 521-50-50;https://jakarobotics.ru/;нет;неизвестно;неизвестно;неизвестно;нет;неизвестно;неизвестно;неизвестно;неизвестно;Дилерство JAKA, Estun, Carl Cloos, Doosan Robotics — ПРОМКОНТУР, направление «Промышленные роботы»;;;;;;;;;не отправлено;
182;Производство и обработка;Промышленные роботы;Резерв;Промобот / Центр развития промышленной робототехники (promo-bot.ru, robotic-center.ru);российский производитель + сеть партнёров-интеграторов;Сварочные РТК;Агентская схема — вознаграждение за заявку;форма на сайте;;;https://promo-bot.ru/;нет;нет;неизвестно;неизвестно;нет;неизвестно;неизвестно;неизвестно;неизвестно;Партнёрство по привлечению заказчиков — Промышленные роботы;;;;;;;;;не отправлено;
183;Производство и обработка;Промышленные роботы;Резерв;АРКОДИМ-Про (arkodimpro.ru);российский производитель линейных декартовых промышленных роботов и станков с ЧПУ на заказ;Паллетайзеры и ячейки, Позиционеры, линейные оси, ограждения;Агентская схема — вознаграждение за заявку;телефон / e-mail;info@arkodimpro.ru;+7 (843) 21-21-357;https://arkodimpro.ru/;нет;нет;неизвестно;неизвестно;нет;неизвестно;неизвестно;неизвестно;неизвестно;Партнёрство по привлечению заказчиков — Промышленные роботы;;;;;;;;;не отправлено;
184;Производство и обработка;Системы машинного зрения;Неделя 1;МКОИ (mkoi.ru);интернет-магазин / поставщик компонентов машинного зрения (камеры, объективы, подсветка) с 2009 г.;Промкамеры, Объективы, Подсветка;Дропшиппинг: прямая отгрузка нашим клиентам;интернет-магазин / телефон;info@mkoi.ru;+7 499 112-44-19;https://mkoi.ru/;да;вероятно да — компания доставляет заказы по всей России как интернет-магазин, но отгрузка именно на адрес третьего лица (нашего клиента) не описана явно на сайте;неизвестно;от 1 шт., бесплатная доставка от 30 000 ₽;нет явного YML/API — цены и остатки открыты только через сам сайт-каталог;интернет-магазин (корзина) / телефон / e-mail;неизвестно (стандартный интернет-магазин, вероятна предоплата при заказе);от 1 дня (товары в наличии), от 3 недель (под заказ);неизвестно;Сотрудничество по дропшиппингу: VisCam, Daheng Imaging, TUSS Vision, AZURE Photonics, Contrastech, Irayple, мультибренд — ПРОМКОНТУР;;;;;;;;;не отправлено;
185;Производство и обработка;Системы машинного зрения;Неделя 2;Сенсотек (sensotek.ru);официальный дистрибьютор Basler, Cognex и Hikrobot в РФ;Промкамеры, Смарт-камеры, Считыватели кодов, Объективы, Подсветка, ПО и контроллеры;Дропшиппинг: прямая отгрузка нашим клиентам;телефон / e-mail;info@sensotek.ru;+7 (495) 181-56-67;https://sensotek.ru/;неизвестно;неизвестно;неизвестно;неизвестно;неизвестно;неизвестно;неизвестно;5 недель под заказ (типовой срок), часть позиций — со склада в Москве;неизвестно;Сотрудничество по дропшиппингу: Basler, Cognex, Hikrobot — ПРОМКОНТУР;;;;;;;;;не отправлено;
186;Производство и обработка;Системы машинного зрения;Неделя 2;DataID (dataid.ru);продавец/дистрибьютор Hikrobot;Промкамеры, Смарт-камеры;Дропшиппинг: прямая отгрузка нашим клиентам;телефон / e-mail;sale@dataid.ru;+7 (495) 256-15-15;https://dataid.ru/;неизвестно;неизвестно;неизвестно;неизвестно;неизвестно;неизвестно;неизвестно;неизвестно;неизвестно;Сотрудничество по дропшиппингу: Hikrobot — ПРОМКОНТУР;;;;;;;;;не отправлено;
187;Производство и обработка;Системы машинного зрения;Резерв;RangeVision (rangevision.com);российский производитель 3D-сканеров;3D-сканеры и профилометры;Запрос дилерских условий;форма на сайте (заявка распределяется дистрибьютору);;;https://rangevision.com/can-buy/russian-partners/index__old.php;нет;нет — заявка распределяется региональному дистрибьютору, не отгружается производителем напрямую;неизвестно;неизвестно;нет;неизвестно;неизвестно;неизвестно;неизвестно;Дилерство RangeVision — ПРОМКОНТУР, направление «Системы машинного зрения»;;;;;;;;;не отправлено;
188;Производство и обработка;3D-печать для производства;Неделя 1;PICASO 3D (picaso-3d.ru);российский производитель промышленных FDM-принтеров;FDM промышленные, Инженерные пластики;Дропшиппинг: прямая отгрузка нашим клиентам;форма на сайте / через дилеров;;;https://picaso-3d.ru/ru/products/materials/;частично;неизвестно (прямые продажи есть, но условие отгрузки на адрес третьего лица не описано);неизвестно;неизвестно;нет;форма на сайте / через дилера;неизвестно;неизвестно;неизвестно;Сотрудничество по дропшиппингу: PICASO 3D — ПРОМКОНТУР;;;;;;;;;не отправлено;
189;Производство и обработка;3D-печать для производства;Неделя 1;Bestfilament (bestfilament.ru);российский производитель филамента для 3D-печати (PLA/ABS/PETG и др.), национальная складская сеть;Инженерные пластики, Фотополимеры и порошки;Дропшиппинг: прямая отгрузка нашим клиентам;e-mail / телефон / интернет-магазин;info@bestfilament.ru;8-800-234-47-78;https://bestfilament.ru/;частично;"вероятно да для разовых оптовых заказов через собственный интернет-магазин и доставку ТК/курьером на указанный адрес; нет — для программы «склад-партнёр», которая требует собственного склада";неизвестно;"неизвестно для разовых заказов; от 200–300 кг для получения статуса склада-партнёра";нет;e-mail / интернет-магазин;"предоплата (типично для интернет-магазина); для бюджетных организаций — частичная/100% предоплата или оплата по факту поставки";неизвестно (склады в Москве, СПб и др. городах);неизвестно;Сотрудничество по дропшиппингу: Bestfilament — ПРОМКОНТУР;;;;;;;;;не отправлено;
190;Производство и обработка;3D-печать для производства;Неделя 2;Jetcom (jetcom-3d.ru);официальный дистрибьютор SoonSer (Китай) в России;Фотополимеры и порошки;Дропшиппинг: прямая отгрузка нашим клиентам;форма на сайте;;;https://www.jetcom-3d.ru/;неизвестно;неизвестно;неизвестно;неизвестно;неизвестно;неизвестно;неизвестно;неизвестно;неизвестно;Сотрудничество по дропшиппингу: SoonSer — ПРОМКОНТУР;;;;;;;;;не отправлено;
191;Производство и обработка;3D-печать для производства;Неделя 2;SHINI Russia (shini.ru);официальный дилер SHINI (Тайвань) — оборудование для подготовки и сушки полимеров;Постобработка и сушка материалов;Дропшиппинг: прямая отгрузка нашим клиентам;форма на сайте / телефон;info@shini.ru;8-800-777-57-60;https://shini.ru/;неизвестно;неизвестно;неизвестно;неизвестно;нет;неизвестно;неизвестно;неизвестно;неизвестно;Сотрудничество по дропшиппингу: SHINI — ПРОМКОНТУР;;;;;;;;;не отправлено;
192;Производство и обработка;3D-печать для производства;Неделя 2;Lider-3D (lider-3d.ru);поставщик сушильных камер и оборудования для постобработки 3D-печати;Постобработка и сушка материалов;Запрос условий сервиса / КП;форма на сайте / e-mail;zakaz@lider-3d.ru;8 (499) 391-09-25;https://lider-3d.ru/catalog/dopolnitelnoe_oborudovanie/dlya_3d_printerov/sushilnye_kamery/;неизвестно;неизвестно;неизвестно;неизвестно;нет;неизвестно;неизвестно;неизвестно;неизвестно;Запрос условий для B2B-площадки ПРОМКОНТУР — 3D-печать для производства;;;;;;;;;не отправлено;
193;Производство и обработка;3D-печать для производства;Резерв;3Д Альянс (chanhontech.ru);официальный представитель ChanHonTech в России;SLA/DLP;Запрос дилерских условий;телефон / бесплатная линия;;8 (800) 200-77-26, +7 (495) 128-59-05;https://chanhontech.ru/;нет;неизвестно;неизвестно;неизвестно;нет;неизвестно;неизвестно;неизвестно;неизвестно;Дилерство ChanHonTech (CHT) — ПРОМКОНТУР, направление «3D-печать для производства»;;;;;;;;;не отправлено;
194;Производство и обработка;3D-печать для производства;Резерв;Globatek (globatek.ru);официальный дилер Farsoon в России, интегратор решений аддитивного производства;SLS, Фотополимеры и порошки;Запрос дилерских условий;телефон;;8 800 333-12-82, +7 495 646-15-33;https://globatek.ru/;нет;неизвестно;неизвестно;неизвестно;нет;неизвестно;неизвестно;неизвестно;неизвестно;Дилерство Farsoon — ПРОМКОНТУР, направление «3D-печать для производства»;;;;;;;;;не отправлено;
195;Производство и обработка;3D-печать для производства;Резерв;RangeVision (rangevision.com);российский производитель 3D-сканеров;3D-сканеры;Запрос дилерских условий;форма на сайте (заявка распределяется дистрибьютору);;;https://rangevision.com/can-buy/russian-partners/index__old.php;нет;нет;неизвестно;неизвестно;нет;неизвестно;неизвестно;неизвестно;неизвестно;Дилерство RangeVision — ПРОМКОНТУР, направление «3D-печать для производства»;;;;;;;;;не отправлено;
196;Производство и обработка;Лабораторное оборудование;Неделя 1;МАССА-К (massa.ru);российский производитель весового оборудования (завод в Санкт-Петербурге), лабораторные и промышленные весы;Лабораторные весы;Дропшиппинг: прямая отгрузка нашим клиентам;e-mail / телефон / через партнёра;sales@massa.ru;(812) 346-57-05;https://massa.ru/;частично;неизвестно — прямая отгрузка на адрес третьего лица явно не описана ни на сайте производителя, ни у партнёров;неизвестно;от 1 шт. (скидки начинаются от 3 шт.);неизвестно — партнёрам доступна система СТЭП (визуальный каталог + заказ ЗИП/продукции), открытого YML/API не найдено;e-mail / система СТЭП для партнёров / сайты дилеров;неизвестно;0–10 рабочих дней (по данным дилера novapribor.ru);неизвестно;Сотрудничество по дропшиппингу: МАССА-К — ПРОМКОНТУР;;;;;;;;;не отправлено;
197;Производство и обработка;Лабораторное оборудование;Неделя 2;СибПрибор НПО (sib-pribor.ru);производитель испытательного оборудования;Твердомеры и испытательные машины, Сушильные шкафы и термостаты;Дропшиппинг: прямая отгрузка нашим клиентам;форма на сайте;;;https://sib-pribor.ru/;неизвестно;неизвестно;неизвестно;неизвестно;неизвестно;неизвестно;неизвестно;неизвестно;неизвестно;Сотрудничество по дропшиппингу: СибПрибор — ПРОМКОНТУР;;;;;;;;;не отправлено;
198;Производство и обработка;Лабораторное оборудование;Неделя 2;СибАгроПрибор (sibagropribor.ru);производитель аналитического оборудования для АПК;Анализаторы и спектрометры;Дропшиппинг: прямая отгрузка нашим клиентам;анкета дилера на сайте;;;https://sibagropribor.ru/;неизвестно;неизвестно;неизвестно;неизвестно;неизвестно;неизвестно;неизвестно;неизвестно;неизвестно;Сотрудничество по дропшиппингу: СибАгроПрибор — ПРОМКОНТУР;;;;;;;;;не отправлено;
199;Производство и обработка;Лабораторное оборудование;Неделя 2;ЛАБТЕХ (labteh.com);поставщик лабораторного оборудования, реактивов и мебели;pH-метры и титраторы, Лабораторные насосы, Мебель и посуда;Дропшиппинг: прямая отгрузка нашим клиентам;форма на сайте;;;https://labteh.com/;неизвестно;неизвестно;неизвестно;неизвестно;неизвестно;неизвестно;неизвестно;неизвестно;неизвестно;Сотрудничество по дропшиппингу: мультибренд — ПРОМКОНТУР;;;;;;;;;не отправлено;
200;Производство и обработка;Лабораторное оборудование;Неделя 2;Техинтест / Time Group (time-group.ru);эксклюзивный дистрибьютор Time Group Inc. (приборы неразрушающего контроля, твердомеры, толщиномеры) в РФ;Твердомеры и испытательные машины;Дропшиппинг: прямая отгрузка нашим клиентам;форма на сайте;;;https://time-group.ru/;неизвестно;неизвестно;неизвестно;неизвестно;неизвестно;неизвестно;неизвестно;неизвестно;неизвестно;Сотрудничество по дропшиппингу: Time Group — ПРОМКОНТУР;;;;;;;;;не отправлено;
201;Производство и обработка;Лабораторное оборудование;Неделя 2;Скейл Энтерпрайз / CAS (scale.ru);официальный импортёр и дистрибьютор CAS Corporation в РФ и Белоруссии, производитель весов под брендом Scale;Лабораторные весы;Дропшиппинг: прямая отгрузка нашим клиентам;телефон / форма на сайте;;+7 495 748 99 70;https://www.scale.ru/about/;неизвестно;неизвестно;неизвестно;неизвестно;нет;неизвестно;неизвестно;неизвестно;неизвестно;Сотрудничество по дропшиппингу: CAS, Scale — ПРОМКОНТУР;;;;;;;;;не отправлено;
202;Производство и обработка;Сепараторы и центрифуги;Резерв;Siderus (siderus.ru);продавец оригинального оборудования Alfa Laval (параллельный/оригинальный импорт);Тарельчатые сепараторы, Декантеры, Запчасти и сервис;Агентская схема — вознаграждение за заявку;e-mail / телефон;info@siderus.ru;+7 (499) 647-47-07;https://siderus.ru/;нет;неизвестно;неизвестно;неизвестно;нет;неизвестно;неизвестно;неизвестно (заявлена доставка со склада в Германии от 3 рабочих дней);неизвестно (заявлена гарантия 12 мес.);Партнёрство по привлечению заказчиков — Сепараторы и центрифуги;;;;;;;;;не отправлено;
203;Производство и обработка;Сепараторы и центрифуги;Резерв;Далкос (dalkos.ru);продавец сепараторов Alfa Laval (топливные/масляные);Сепараторы масел и топлива;Агентская схема — вознаграждение за заявку;форма на сайте;;;https://dalkos.ru/;нет;неизвестно;неизвестно;неизвестно;нет;неизвестно;неизвестно;неизвестно;неизвестно;Партнёрство по привлечению заказчиков — Сепараторы и центрифуги;;;;;;;;;не отправлено;
204;Производство и обработка;Сепараторы и центрифуги;Резерв;ТПС / «Технологии Просеивания и Сепарации» (vibro-separator.ru, vibro-sito.ru);официальный представитель SWECO (Бельгия/Италия) в РФ;Гидроциклоны и вибросита, Декантеры;Запрос дилерских условий;телефон / e-mail;info@vibro-separator.ru;+7 (495) 988-86-38;https://vibro-separator.ru/;нет;неизвестно;неизвестно;неизвестно;нет;неизвестно;неизвестно;неизвестно (отгрузка со склада в Москве заявлена для готового оборудования);неизвестно;Дилерство SWECO, SCREENTECH, WEILIANG — ПРОМКОНТУР, направление «Сепараторы и центрифуги»;;;;;;;;;не отправлено;
205;Производство и обработка;Сепараторы и центрифуги;Резерв;НТ-Пром (nt-prom.ru);производитель/поставщик центробежного оборудования (горизонтальные фильтрующие осадительные центрифуги);Фильтрующие и осадительные центрифуги;Запрос условий сервиса / КП;e-mail / телефон;info@nt-prom.ru;+7 (495) 363-29-66;https://nt-prom.ru/;нет;нет;неизвестно;неизвестно;нет;неизвестно;неизвестно;неизвестно;неизвестно;Запрос условий для B2B-площадки ПРОМКОНТУР — Сепараторы и центрифуги;;;;;;;;;не отправлено;
206;Логистика, упаковка, пищевые линии;Складская техника;Неделя 1;«Русский Масштаб» (rumsb.ru);федеральный дилер складской техники (официальный дилер JAC, Heli, Lonking, TRF и др.), выкуп/лизинг/сервис;Гидравлические тележки, Штабелёры, Погрузчики и ричтраки;Дропшиппинг: прямая отгрузка нашим клиентам;e-mail / телефон / заявка на сайте;info@rumsb.ru;8 800 550 09 93;https://rumsb.ru;частично;неизвестно — на сайте не сказано, что грузополучателем может быть третье лицо (клиент агрегатора), а не покупатель по договору;неизвестно;по карточке yopt.org — 2 000 000 ₽ (вероятно относится к крупной технике, не подтверждено для штучных позиций);нет — фид/API на сайте не упоминается;неизвестно, вероятно e-mail/телефон менеджеру;неизвестно;заявлено «отгрузка возможна в день обращения» для техники в наличии;неизвестно;Сотрудничество по дропшиппингу: JAC, Heli, Lonking, TRF, CHL — ПРОМКОНТУР;;;;;;;;;не отправлено;
207;Логистика, упаковка, пищевые линии;Складская техника;Неделя 2;«НАК Машинери» / «Эксфорк-Трейд» (дистрибьюторы EP Equipment);официальный дистрибьютор бренда EP (Китай) в РФ, региональные дилерские программы;Штабелёры, Погрузчики и ричтраки, Электротележки, Запчасти и навесное;Дропшиппинг: прямая отгрузка нашим клиентам;e-mail / телефон;"info@ep-com.ru; zakaz@ep-exfork.ru";"8 800 7071 584; +7(495)532-84-81";https://ep-com.ru, https://ep-exfork.ru;неизвестно;неизвестно;неизвестно;неизвестно;нет;неизвестно;неизвестно;неизвестно;неизвестно;Сотрудничество по дропшиппингу: EP Equipment — ПРОМКОНТУР;;;;;;;;;не отправлено;
208;Логистика, упаковка, пищевые линии;Складская техника;Неделя 2;Heli Eurasia;официальное представительство завода-производителя Anhui Heli в РФ и СНГ;Погрузчики и ричтраки, Штабелёры;Дропшиппинг: прямая отгрузка нашим клиентам;форма на сайте;;;https://helieurasia.ru;неизвестно;неизвестно;неизвестно;неизвестно;нет;неизвестно;неизвестно;неизвестно;неизвестно;Сотрудничество по дропшиппингу: Heli — ПРОМКОНТУР;;;;;;;;;не отправлено;
209;Логистика, упаковка, пищевые линии;Складская техника;Неделя 2;OXLIFT (через ГКНТ / nt-rt.ru);производитель-бренд (Китай) с собственным дилерским прайс-листом;Гидравлические тележки, Электротележки;Дропшиппинг: прямая отгрузка нашим клиентам;e-mail / телефон;sales@oxlift.ru;8 800 500 78 69;"https://oxlift.ru; https://oxlift.nt-rt.ru";неизвестно;неизвестно;неизвестно;неизвестно;нет;неизвестно;неизвестно;неизвестно;неизвестно;Сотрудничество по дропшиппингу: OXLIFT — ПРОМКОНТУР;;;;;;;;;не отправлено;
210;Логистика, упаковка, пищевые линии;Складская техника;Неделя 2;«Складская Лига» (skladliga.ru);официальный дилер Noblelift, CHL, EP в РФ (СПб);Гидравлические тележки, Штабелёры;Дропшиппинг: прямая отгрузка нашим клиентам;форма на сайте;;;https://skladliga.ru;неизвестно;неизвестно;неизвестно;неизвестно;нет;неизвестно;неизвестно;неизвестно;неизвестно;Сотрудничество по дропшиппингу: Noblelift — ПРОМКОНТУР;;;;;;;;;не отправлено;
211;Логистика, упаковка, пищевые линии;Складская техника;Неделя 2;Форклифт (clark-ural.ru);официальный дилер Clark Europe GmbH и EnerSys в России;Тяговые аккумуляторы и зарядные устройства;Дропшиппинг: прямая отгрузка нашим клиентам;телефон / форма на сайте;;;https://clark-ural.ru/katalog/akb-zu/;неизвестно;неизвестно;неизвестно;неизвестно;нет;неизвестно;неизвестно;неизвестно;неизвестно;Сотрудничество по дропшиппингу: EnerSys — ПРОМКОНТУР;;;;;;;;;не отправлено;
212;Логистика, упаковка, пищевые линии;Складская техника;Неделя 2;ЭТТО / Everest Energy (etto.com.ru);официальный дилер Everest Energy (Китай) в России;Тяговые аккумуляторы и зарядные устройства;Дропшиппинг: прямая отгрузка нашим клиентам;форма на сайте;;;https://etto.com.ru/everestenergy;неизвестно;неизвестно;неизвестно;неизвестно;нет;неизвестно;неизвестно;неизвестно;неизвестно;Сотрудничество по дропшиппингу: Everest Energy — ПРОМКОНТУР;;;;;;;;;не отправлено;
213;Логистика, упаковка, пищевые линии;Складская техника;Резерв;«Фирито» (firito.ru);поставщик промышленных колёс и роликов, крупная складская сеть по РФ/СНГ;Колёса и ролики;Дропшиппинг: прямая отгрузка нашим клиентам;форма на сайте / отдел по работе с клиентами;;;https://firito.ru;неизвестно;неизвестно;неизвестно;неизвестно;нет;неизвестно;неизвестно;неизвестно;неизвестно;Сотрудничество по дропшиппингу: различные (мультибрендовый поставщик) — ПРОМКОНТУР;;;;;;;;;не отправлено;
214;Логистика, упаковка, пищевые линии;Упаковочное оборудование;Неделя 1;ПаллетПак / kondhp.ru;производитель упаковочных станков (30+ лет), приглашает дилеров в РФ и за рубежом;Паллетоупаковщики;Дропшиппинг: прямая отгрузка нашим клиентам;e-mail / телефон;kondhp@kondhp.ru;+7 800 707-25-15;"https://kondhp.ru; https://palletpack.ru/dlya-dilerov/";да;да — отгружают на адрес конечного заказчика дилера, минуя склад дилера;да — «без документов» от производителя внутри отгрузки, консультации конечным заказчикам от имени дилера;неизвестно — не опубликовано, уточнять при заявке на дилерство;заявлено «оперативное обновление прайса и тех.информации», формат не указан — уточнять (YML/Excel/API);неизвестно, вероятно e-mail/телефон менеджеру-куратору;"НДС 20% или 0% по выбору дилера; конкретные условия оплаты/отсрочки не опубликованы";заявлена «быстрая доставка оборудования и комплектующих», срок не указан;неизвестно;Сотрудничество по дропшиппингу: ПаллетПак — ПРОМКОНТУР;;;;;;;;;не отправлено;
215;Логистика, упаковка, пищевые линии;Упаковочное оборудование;Неделя 2;SIAT (через официального дилера siatpack.ru);официальный дилер SIAT Maillis Group (Италия) в РФ;Стреппинг;Дропшиппинг: прямая отгрузка нашим клиентам;телефон / e-mail;info@siatpack.ru;8 (495) 778-…970;https://siatpack.ru;неизвестно;неизвестно;неизвестно;неизвестно;нет;неизвестно;неизвестно;неизвестно;неизвестно;Сотрудничество по дропшиппингу: SIAT — ПРОМКОНТУР;;;;;;;;;не отправлено;
216;Логистика, упаковка, пищевые линии;Упаковочное оборудование;Неделя 2;Алджипак (algipack.ru);эксклюзивный представитель ряда европейских производителей (Smipack, Ripack, Guilbert Express, ErgoPack, Storopack) в статусе «российский офис»;Термоусадка, Плёнка, лента, расходники;Дропшиппинг: прямая отгрузка нашим клиентам;телефон;;+7(495)968-28-01;https://algipack.ru;неизвестно;неизвестно;неизвестно;неизвестно;нет;неизвестно;неизвестно;неизвестно;неизвестно;Сотрудничество по дропшиппингу: Smipack, Ripack, Storopack — ПРОМКОНТУР;;;;;;;;;не отправлено;
217;Логистика, упаковка, пищевые линии;Упаковочное оборудование;Неделя 2;ЦШК «Гексагон» (официальный дистрибьютор Zebra Technologies, TSC, Gainscha);официальный дистрибьютор бренда Zebra в РФ;Этикетировщики и принтеры маркировки;Дропшиппинг: прямая отгрузка нашим клиентам;e-mail / телефон;info@geksagon.ru;+7 (495) 105-97-13;https://zebraprinters.ru;неизвестно;неизвестно;неизвестно;неизвестно;нет;неизвестно;неизвестно;неизвестно;неизвестно;Сотрудничество по дропшиппингу: Zebra, TSC, Gainscha — ПРОМКОНТУР;;;;;;;;;не отправлено;
218;Логистика, упаковка, пищевые линии;Упаковочное оборудование;Неделя 2;Снабимпэкс (pack.snabimp.ru);мультибрендовый интегратор упаковочного оборудования, 5 дилерских соглашений с фабриками Китая;Запайщики и вакуумные, Паллетоупаковщики;Агентская схема — вознаграждение за заявку;телефон / e-mail;89280385796@snabimp.ru;+7 928 038-57-96;https://pack.snabimp.ru;неизвестно;неизвестно;неизвестно;неизвестно;нет;неизвестно;неизвестно;неизвестно;неизвестно;Партнёрство по привлечению заказчиков — Упаковочное оборудование;;;;;;;;;не отправлено;
219;Логистика, упаковка, пищевые линии;Упаковочное оборудование;Резерв;Robopac (robopacrus.ru);официальный дистрибьютор ROBOPAC (Италия, Сан-Марино) в РФ и СНГ;Скотчеватели и формирователи коробов;Дропшиппинг: прямая отгрузка нашим клиентам;форма на сайте;;;https://robopacrus.ru;неизвестно;неизвестно;неизвестно;неизвестно;нет;неизвестно;неизвестно;неизвестно;неизвестно;Сотрудничество по дропшиппингу: Robopac — ПРОМКОНТУР;;;;;;;;;не отправлено;
220;Логистика, упаковка, пищевые линии;Весовое оборудование;Неделя 2;Тензо-М;производитель (СПб, с 1990), крупный завод весов и тензодатчиков;Платформенные, Автомобильные и вагонные, Тензодатчики и терминалы;Дропшиппинг: прямая отгрузка нашим клиентам;e-mail / телефон / личный кабинет;sales@tenso-m.ru;8 800 555 65 30;https://www.tenso-m.ru;неизвестно;неизвестно;неизвестно;неизвестно;нет;неизвестно;неизвестно;неизвестно;неизвестно;Сотрудничество по дропшиппингу: Тензо-М — ПРОМКОНТУР;;;;;;;;;не отправлено;
221;Логистика, упаковка, пищевые линии;Весовое оборудование;Неделя 2;Скейл Энтерпрайз (scale.ru);"официальный дистрибьютор весового оборудования CAS, Now Systems, Prisma (крупнейший дистрибьютор CAS в мире); производитель весов «Скейл»";Чеквейеры;Дропшиппинг: прямая отгрузка нашим клиентам;форма на сайте;;;https://www.scale.ru;неизвестно;неизвестно;неизвестно;неизвестно;нет;неизвестно;неизвестно;неизвестно;неизвестно;Сотрудничество по дропшиппингу: CAS, Now Systems, Prisma, Скейл — ПРОМКОНТУР;;;;;;;;;не отправлено;
222;Логистика, упаковка, пищевые линии;Весовое оборудование;Неделя 2;МАНРО Механика (официальный дистрибьютор Transcell);официальный дистрибьютор весовых дозаторов и систем Transcell (Changzhou Transcell, Китай);Весовые дозаторы;Дропшиппинг: прямая отгрузка нашим клиентам;форма на сайте;;;https://gkmanro.ru/transcell;неизвестно;неизвестно;неизвестно;неизвестно;нет;неизвестно;неизвестно;неизвестно;неизвестно;Сотрудничество по дропшиппингу: Transcell — ПРОМКОНТУР;;;;;;;;;не отправлено;
223;Логистика, упаковка, пищевые линии;Весовое оборудование;Резерв;МАССА-К;завод-изготовитель (СПб, с 1991), развитая дилерская/ЦТО-сеть по РФ и СНГ;Платформенные, Паллетные и весы-рохли, Крановые;Запрос дилерских условий;e-mail / телефон;cto@massa.ru;(812) 346-57-05;https://www.massa.ru;нет;нет — заказы обрабатываются через портал STEP по договору дилера;нет;неизвестно;нет (заказ через STEP, не открытый фид);личный кабинет партнёра (STEP);неизвестно;неизвестно;неизвестно;Дилерство МАССА-К — ПРОМКОНТУР, направление «Весовое оборудование»;;;;;;;;;не отправлено;
224;Логистика, упаковка, пищевые линии;Весовое оборудование;Резерв;ВЗВТ — Волгоградский завод весоизмерительной техники (tdvzvt.ru);производитель промышленных весов;Крановые, Автомобильные и вагонные;Дропшиппинг: прямая отгрузка нашим клиентам;форма на сайте;;;https://tdvzvt.ru;неизвестно;неизвестно;неизвестно;неизвестно;нет;неизвестно;неизвестно;неизвестно;неизвестно;Сотрудничество по дропшиппингу: ВЗВТ — ПРОМКОНТУР;;;;;;;;;не отправлено;
225;Логистика, упаковка, пищевые линии;Пищевое оборудование;Неделя 2;Alfa L Service (alfalservice.ru);первая российская компания со статусом «Мастер Дистрибьютер» Alfa Laval, аккредитована на поставку, установку и техобслуживание;Санитарные насосы, Пастеризаторы и теплообменники, Санитарная арматура;Агентская схема — вознаграждение за заявку;форма на сайте;;;https://alfalservice.ru;неизвестно;неизвестно;неизвестно;неизвестно;нет;неизвестно;неизвестно;неизвестно;неизвестно;Партнёрство по привлечению заказчиков — Пищевое оборудование;;;;;;;;;не отправлено;
226;Логистика, упаковка, пищевые линии;Пищевое оборудование;Неделя 2;Машимпэкс (официальный партнёр GEA Group в РФ);официальный партнёр GEA в РФ, продажа теплообменников и запчастей, взаимозаменяемых с Alfa Laval/Sondex;Пастеризаторы и теплообменники, Санитарная арматура;Агентская схема — вознаграждение за заявку;форма на сайте (через реселлеров E8/sn22.ru и региональные сайты);;;https://novosibirsk.sn22.ru/catalog/plastinchatie-teploobmenniki/mashimpeks-gea/;неизвестно;неизвестно;неизвестно;неизвестно;нет;неизвестно;неизвестно;неизвестно;неизвестно;Партнёрство по привлечению заказчиков — Пищевое оборудование;;;;;;;;;не отправлено;
227;Логистика, упаковка, пищевые линии;Пищевое оборудование;Неделя 2;НОТИС (notis.ru);российский производитель фасовочно-упаковочных автоматов и весовых дозаторов;Дозаторы и фасовочные автоматы (российские производители);Дропшиппинг: прямая отгрузка нашим клиентам;форма на сайте / e-mail;market@notis.ru;+7 383 292 60 06;https://www.notis.ru/;неизвестно;неизвестно;неизвестно;неизвестно;нет;неизвестно;неизвестно;неизвестно;неизвестно;Сотрудничество по дропшиппингу: НОТИС — ПРОМКОНТУР;;;;;;;;;не отправлено;
228;Логистика, упаковка, пищевые линии;Пищевое оборудование;Резерв;«Пищевые насосы» (foodpumps.ru);производитель пищевых/химических насосов (Фрязино, с 2001);Санитарные насосы;Агентская схема — вознаграждение за заявку;форма на сайте;;;https://foodpumps.ru;неизвестно;неизвестно;неизвестно;неизвестно;нет;неизвестно;неизвестно;неизвестно;неизвестно;Партнёрство по привлечению заказчиков — Пищевое оборудование;;;;;;;;;не отправлено;
229;Логистика, упаковка, пищевые линии;Пищевое оборудование;Резерв;СТИМИНОКС ГРУПП (steaminox.ru);производитель CIP-станций, 60+ реализованных станций за 10 лет;CIP-мойка, Ёмкости и реакторы;Агентская схема — вознаграждение за заявку;форма на сайте;;;https://steaminox.ru;неизвестно;неизвестно;неизвестно;неизвестно;нет;неизвестно;неизвестно;неизвестно;неизвестно;Партнёрство по привлечению заказчиков — Пищевое оборудование;;;;;;;;;не отправлено;
230;Логистика, упаковка, пищевые линии;Пищевое оборудование;Резерв;КР-Тех (kr-tec.ru);производитель CIP-станций (централизованных и локальных);CIP-мойка;Агентская схема — вознаграждение за заявку;форма на сайте;;;https://kr-tec.ru;неизвестно;неизвестно;неизвестно;неизвестно;нет;неизвестно;неизвестно;неизвестно;неизвестно;Партнёрство по привлечению заказчиков — Пищевое оборудование;;;;;;;;;не отправлено;
231;Логистика, упаковка, пищевые линии;Пищевое оборудование;Резерв;ЭкоПакЮг (ugecopack.ru);агент производителей упаковочных материалов и оборудования в ЮФО/СКФО/ПФО;Упаковочные линии (интеграторы, агентская схема);Агентская схема — вознаграждение за заявку;e-mail / форма на сайте;office@ugecopack.ru;8 800 333 38 49;https://ugecopack.ru/partneram.html;нет;да, но платёж не через нас — не подходит под нашу схему;неизвестно;неизвестно;нет;неизвестно;оплата клиента идёт напрямую производителю, минуя посредника — несовместимо с моделью «клиент платит ПРОМКОНТУР»;неизвестно;неизвестно;Партнёрство по привлечению заказчиков — Пищевое оборудование;;;;;;;;;не отправлено;
232;Логистика, упаковка, пищевые линии;Средства безопасности;Неделя 1;ЮНИТ МАРК ПРО (umpgroup.ru) — официальный дистрибьютор Brady в РФ;официальный дистрибьютор Brady;Знаки, ограждения, LOTO;Дропшиппинг: прямая отгрузка нашим клиентам;телефон / e-mail;order@umpgroup.ru;"(495) 748-09-07; 8 (800) 505-62-75";https://umpgroup.ru;частично;неизвестно — в модели Яндекс Маркета отгрузка идёт через логистику маркетплейса, не факт, что применимо к прямой отгрузке клиенту стороннего агрегатора;неизвестно;неизвестно;неизвестно (для Яндекс Маркета используется интеграция маркетплейса, отдельный фид для партнёров-агрегаторов не описан);неизвестно, вероятно e-mail/телефон order@umpgroup.ru;компания работает только с юрлицами напрямую (via дилеров — с физлицами);неизвестно;неизвестно;Сотрудничество по дропшиппингу: Brady — ПРОМКОНТУР;;;;;;;;;не отправлено;
233;Логистика, упаковка, пищевые линии;Средства безопасности;Неделя 1;«Аспект» (aspektsnab.ru);оптово-розничный поставщик спецодежды, спецобуви и СИЗ, официальный дилер ряда производителей, 15+ лет на рынке;Спецодежда и спецобувь, СИЗ рук, головы, глаз, слуха;Дропшиппинг: прямая отгрузка нашим клиентам;e-mail / телефон;info@aspektsnab.ru;8 (800) 775-35-02;https://aspektsnab.ru;частично;неизвестно — не уточнено, возможна ли отгрузка на адрес третьего лица (не покупателя по договору);неизвестно;"по карточке yopt.org — от 1000 ₽; на своём сайте компания делит розницу (до 25 000 ₽) и опт (от 25 000 ₽)";нет — фид/API на сайте не упоминается;неизвестно, вероятно e-mail/телефон персональному менеджеру;неизвестно (варианты оплаты для физ- и юрлиц описаны на сайте, но не специфично для дропшип-схемы);неизвестно;неизвестно;Сотрудничество по дропшиппингу: мультибренд (официальный дилер нескольких заводов) — ПРОМКОНТУР;;;;;;;;;не отправлено;
234;Логистика, упаковка, пищевые линии;Средства безопасности;Неделя 2;ФГУП «СПО «Аналитприбор» (Смоленск);производитель газоанализаторов (бренды СТМ, АНКАТ, ГИАМ, ГАММА, СГГ, СТГ), с 1960 г.;Стационарные газоанализаторы, Переносные газоанализаторы;Дропшиппинг: прямая отгрузка нашим клиентам;телефон / e-mail;market@analitpribor-smolensk.ru;8 800 100 19 50;https://analitpribor-smolensk.ru;неизвестно;неизвестно;неизвестно;неизвестно;нет;неизвестно;100% предоплата (товар в наличии) / 30–70% (бюджетные учреждения) / 50–50% (под заказ) — это условия оплаты производителя, не дропшип-схема;неизвестно;неизвестно;Сотрудничество по дропшиппингу: СТМ, АНКАТ, ГИАМ, ГАММА — ПРОМКОНТУР;;;;;;;;;не отправлено;
235;Логистика, упаковка, пищевые линии;Средства безопасности;Неделя 2;ГК «Восток-Сервис»;крупнейший производитель/поставщик спецодежды, спецобуви, СИЗ в РФ (120+ филиалов, 280 магазинов, 56 регионов + СНГ);Спецодежда и спецобувь, СИЗ рук, головы, глаз, слуха;Дропшиппинг: прямая отгрузка нашим клиентам;по региональному филиалу;;;https://vostok.ru;неизвестно;неизвестно;неизвестно;неизвестно;нет;неизвестно;неизвестно;неизвестно;неизвестно;Сотрудничество по дропшиппингу: Восток-Сервис — ПРОМКОНТУР;;;;;;;;;не отправлено;
236;Логистика, упаковка, пищевые линии;Средства безопасности;Неделя 2;НПК СИЗОД / magazinsiz.ru (официальный дистрибьютор 3М);официальный дистрибьютор 3М в РФ;СИЗОД, СИЗ рук, головы, глаз, слуха;Дропшиппинг: прямая отгрузка нашим клиентам;e-mail / телефон;info@magazinsiz.ru;8 (800) 350 17 31;https://www.magazinsiz.ru;неизвестно;неизвестно;неизвестно;неизвестно;нет;неизвестно;неизвестно;неизвестно;неизвестно;Сотрудничество по дропшиппингу: 3М, Speedglas, Adflo — ПРОМКОНТУР;;;;;;;;;не отправлено;
237;Логистика, упаковка, пищевые линии;Средства безопасности;Неделя 2;АО «Спецавтоматика» / НПП «Спецприбор» (Казань);производитель взрывозащищённых световых/звуковых оповещателей и сигнализаторов, с 1991 г.;Световая и звуковая сигнализация;Дропшиппинг: прямая отгрузка нашим клиентам;телефон / e-mail;"info@specpribor.ru; market@specpribor.ru";(843) 207-00-66;https://www.specpribor.ru;неизвестно;неизвестно;неизвестно;неизвестно;нет;неизвестно;неизвестно;неизвестно;неизвестно;Сотрудничество по дропшиппингу: СКОПА, ЗОВ — ПРОМКОНТУР;;;;;;;;;не отправлено;
238;Логистика, упаковка, пищевые линии;Средства безопасности;Неделя 2;Респираторный комплекс (rkszpe.ru);российский производитель фильтрующих респираторов;Средства защиты органов дыхания;Дропшиппинг: прямая отгрузка нашим клиентам;e-mail / телефон (только для юрлиц);zakaz@rkszpe.ru;8 812 703-37-33, 8 812 329-11-65;https://rkszpe.ru/;неизвестно;неизвестно;неизвестно;неизвестно;нет;неизвестно;неизвестно;неизвестно;неизвестно;Сотрудничество по дропшиппингу: Респираторный комплекс, Алина — ПРОМКОНТУР;;;;;;;;;не отправлено;
239;Инфраструктура сделки;Заводы Китая под заказ;Неделя 1;Shenzhen INVT Electric Co., Ltd (INVT);производитель;частотные преобразователи;Завод в Китае: цены, OEM, дистрибуция;e-mail отдела продаж (English);overseas@invt.com;;https://www.invt.com/contact-us;н/п;;;;;;;;;Distribution in Russia — INVT / ПРОМКОНТУР;;;;;;;;;не отправлено;
240;Инфраструктура сделки;Заводы Китая под заказ;Неделя 1;Jiangsu Guomao Reducer Co., Ltd (GUOMAO);производитель;мотор-редукторы;Завод в Китае: цены, OEM, дистрибуция;e-mail (English) + телефон;trade@guomaoreducer.com;400-112-5588;https://www.guomaoglobal.com/;н/п;;;;;;;;;Distribution in Russia — Guomao / ПРОМКОНТУР;;;;;;;;;не отправлено;
241;Инфраструктура сделки;Заводы Китая под заказ;Неделя 1;Nanfang Pump Industry Co., Ltd (CNP);производитель;насосы;Завод в Китае: цены, OEM, дистрибуция;e-mail (русский, через представительство РФ);cnp@cnprussia.ru;+7 800 333-10-74;https://www.cnprussia.ru/;н/п;;;;;;;;;Distribution in Russia — CNP / ПРОМКОНТУР;;;;;;;;;не отправлено;
242;Инфраструктура сделки;Заводы Китая под заказ;Неделя 2;Denair Energy Equipment Co., Ltd (DENAIR);производитель;компрессоры винтовые;Завод в Китае: цены, OEM, дистрибуция;e-mail (English);info@denair.net;0086 21 5722 3896;https://www.denair.net/contact_us/;н/п;;;;;;;;;Distribution in Russia — Denair / ПРОМКОНТУР;;;;;;;;;не отправлено;
243;Инфраструктура сделки;Заводы Китая под заказ;Неделя 2;Boneng Transmission (Shenyang/Tianjin) Co., Ltd;производитель;мотор-редукторы;Завод в Китае: цены, OEM, дистрибуция;форма на региональной странице (English);;024-31292571 (Shenyang, Motor/Gearbox);https://www.boneng.com/English/ez.html;н/п;;;;;;;;;Distribution in Russia — Boneng / ПРОМКОНТУР;;;;;;;;;не отправлено;
244;Инфраструктура сделки;Заводы Китая под заказ;Неделя 2;Shenyang Machine Tool Co., Ltd (SMTCL) / Shenyang Machine Tool Import & Export Co., Ltd;производитель;токарные станки с ЧПУ;Завод в Китае: цены, OEM, дистрибуция;e-mail (English);info@smtcl-en.com;+86 186-4054-7138;https://www.smtcl-en.com/;н/п;;;;;;;;;Distribution in Russia — SMTCL / ПРОМКОНТУР;;;;;;;;;не отправлено;
245;Инфраструктура сделки;Заводы Китая под заказ;Неделя 2;Xiamen Golden Egret Special Alloy Co., Ltd (GESAC);производитель / офиц. дистрибьютор в РФ;твердосплавные пластины;Завод в Китае: цены, OEM, дистрибуция;форма на сайте / e-mail (через представительство РФ);;;https://gesac.ru/company/;н/п;;;;;;;;;Distribution in Russia — GESAC / ПРОМКОНТУР;;;;;;;;;не отправлено;
246;Инфраструктура сделки;Заводы Китая под заказ;Резерв;LEO Group Co., Ltd (LEO PUMP);производитель;насосы;Завод в Китае: цены, OEM, дистрибуция;e-mail (English);export@leopump.com;+86-576-8998 6360;https://www.leopump.com/en/;н/п;;;;;;;;;Distribution in Russia — Leo / ПРОМКОНТУР;;;;;;;;;не отправлено;
247;Инфраструктура сделки;ВЭД-партнёры и байеры;Неделя 1;Global Alians (ООО «Глобал-Альянс»);ВЭД-агент;ВЭД под ключ, проверка поставщика/завода, инспекция партии перед отгрузкой (AQL/PSI);ВЭД-партнёр: импорт под ключ;телефон / форма на сайте;;+7 495 109-79-13;https://global-alians.com/;н/п;;;;;;;;;Регулярный импорт промоборудования из Китая — ПРОМКОНТУР;;;;;;;;;не отправлено;
248;Инфраструктура сделки;ВЭД-партнёры и байеры;Неделя 2;VED EXPERT (ВЭД Эксперт);ВЭД-агент;ВЭД под ключ, декларирование ТР ТС / EAC;ВЭД-партнёр: импорт под ключ;форма на сайте / телефон;;;https://vedexpert.org/;н/п;;;;;;;;;Регулярный импорт промоборудования из Китая — ПРОМКОНТУР;;;;;;;;;не отправлено;
249;Инфраструктура сделки;ВЭД-партнёры и байеры;Неделя 2;Golden Wings (Guangzhou Golden Wings, gwchina.ru);байер/инспектор;проверка поставщика/завода, инспекция партии перед отгрузкой (AQL/PSI);ВЭД-партнёр: импорт под ключ;форма на сайте / мессенджер;;;https://gwchina.ru/;н/п;;;;;;;;;Регулярный импорт промоборудования из Китая — ПРОМКОНТУР;;;;;;;;;не отправлено;
250;Инфраструктура сделки;ВЭД-партнёры и байеры;Резерв;WhiteRoute (ООО «ВАЙТРОАД», ИНН 9718294459);ВЭД-агент;ВЭД под ключ;ВЭД-партнёр: импорт под ключ;форма на сайте;;;https://whiteroute.ru/;н/п;;;;;;;;;Регулярный импорт промоборудования из Китая — ПРОМКОНТУР;;;;;;;;;не отправлено;
251;Инфраструктура сделки;ВЭД-партнёры и байеры;Резерв;NuriProChina;байер/инспектор;проверка поставщика/завода;ВЭД-партнёр: импорт под ключ;форма на сайте;;;https://nuriprochina.com/;н/п;;;;;;;;;Регулярный импорт промоборудования из Китая — ПРОМКОНТУР;;;;;;;;;не отправлено;
252;Инфраструктура сделки;Оплата в юанях;Неделя 1;ВТБ (филиал ВТБ Шанхай);банк;перевод оплаты китайскому заводу в юанях, валютный контроль по 181-И;Запрос условий сервиса / КП;форма на сайте / отделение;;;https://www.vtb.ru/;н/п;;;;;;;;;Запрос условий для B2B-площадки ПРОМКОНТУР — Оплата в юанях;;;;;;;;;не отправлено;
253;Инфраструктура сделки;Оплата в юанях;Неделя 2;Т-Банк (Тинькофф) — платёжные агенты Китай;банк;перевод оплаты китайскому заводу в юанях;Запрос условий сервиса / КП;форма на сайте бизнес-блока;;;https://www.tbank.ru/business/;н/п;;;;;;;;;Запрос условий для B2B-площадки ПРОМКОНТУР — Оплата в юанях;;;;;;;;;не отправлено;
254;Инфраструктура сделки;Оплата в юанях;Резерв;Платёжные агенты общего рынка (GPO, CS-VED и аналоги);платёжный агент;перевод оплаты китайскому заводу в юанях;Запрос условий сервиса / КП;форма на сайте;;;https://cs-ved.ru/;н/п;;;;;;;;;Запрос условий для B2B-площадки ПРОМКОНТУР — Оплата в юанях;;;;;;;;;не отправлено;
255;Инфраструктура сделки;Площадки как канал продаж;Неделя 1;Пульс цен (pulscen.ru);площадка;размещение каталога/прайса как ещё один поставщик, выгрузка YML/1C/CSV на внешние площадки;Размещение на площадке как продавец;форма на сайте / регистрация поставщика;;;https://www.pulscen.ru/about/packets;н/п;;;;;;;;;Размещение поставщика промоборудования — ПРОМКОНТУР;;;;;;;;;не отправлено;
256;Инфраструктура сделки;Площадки как канал продаж;Неделя 2;Промпортал (promportal.su);площадка;размещение каталога/прайса как ещё один поставщик;Размещение на площадке как продавец;форма на сайте;;;https://promportal.su/tarifs.htm;н/п;;;;;;;;;Размещение поставщика промоборудования — ПРОМКОНТУР;;;;;;;;;не отправлено;
257;Инфраструктура сделки;Площадки как канал продаж;Неделя 2;Supl.biz;площадка;получение заявок от закупщиков;Размещение на площадке как продавец;форма на сайте / регистрация поставщика;;;https://supl.biz/prices/;н/п;;;;;;;;;Размещение поставщика промоборудования — ПРОМКОНТУР;;;;;;;;;не отправлено;
258;Инфраструктура сделки;Площадки как канал продаж;Неделя 2;Фабрикант, раздел «Маркет» (fabrikant.ru);площадка;размещение каталога/прайса как ещё один поставщик, получение заявок от закупщиков;Размещение на площадке как продавец;регистрация на сайте;;;https://www.fabrikant.ru/market/supplier/;н/п;;;;;;;;;Размещение поставщика промоборудования — ПРОМКОНТУР;;;;;;;;;не отправлено;
259;Инфраструктура сделки;Площадки как канал продаж;Резерв;B2B-Center (b2b-center.ru);площадка;получение заявок от закупщиков;Размещение на площадке как продавец;регистрация на сайте / отдел продаж;;;https://www.b2b-center.ru/app/tariffs/?group=supplier;н/п;;;;;;;;;Размещение поставщика промоборудования — ПРОМКОНТУР;;;;;;;;;не отправлено;
260;Инфраструктура сделки;Площадки как канал продаж;Резерв;Ozon для бизнеса (Ozon B2B) / Яндекс Маркет для бизнеса;площадка;размещение каталога/прайса как ещё один поставщик;Размещение на площадке как продавец;регистрация продавца через кабинет;;;https://partner.market.yandex.ru/;н/п;;;;;;;;;Размещение поставщика промоборудования — ПРОМКОНТУР;;;;;;;;;не отправлено;
261;Инфраструктура сделки;Факторинг и отсрочка покупателю;Неделя 1;Альфа-Банк — Факторинг для покупателей;банк;отсрочка платежа покупателю до 30 дней, встройка заявки на факторинг в чек-аут;Запрос условий сервиса / КП;форма на сайте / отдел факторинга;;;https://alfabank.ru/corporate/finance/factoring/;н/п;;;;;;;;;Запрос условий для B2B-площадки ПРОМКОНТУР — Факторинг и отсрочка покупателю;;;;;;;;;не отправлено;
262;Инфраструктура сделки;Факторинг и отсрочка покупателю;Неделя 2;Т-Банк — факторинг для контрактов с отсрочкой;банк;отсрочка платежа покупателю до 30 дней, финансирование поставщика под дебиторку;Запрос условий сервиса / КП;форма на сайте бизнес-блока;;;https://www.tbank.ru/corporate/factoring/;н/п;;;;;;;;;Запрос условий для B2B-площадки ПРОМКОНТУР — Факторинг и отсрочка покупателю;;;;;;;;;не отправлено;
263;Инфраструктура сделки;Факторинг и отсрочка покупателю;Резерв;ВТБ Факторинг;банк;финансирование поставщика под дебиторку;Запрос условий сервиса / КП;форма на сайте;;;https://www.vtbf.ru/msb/regressnyj-faktoring;н/п;;;;;;;;;Запрос условий для B2B-площадки ПРОМКОНТУР — Факторинг и отсрочка покупателю;;;;;;;;;не отправлено;
264;Инфраструктура сделки;Проверка ИНН, ЭДО, оплата счёта;Неделя 1;DaData (Хёкс, ООО);офиц. дистрибьютор (API-сервис);проверка контрагента по ИНН/ОГРН;Запрос условий сервиса / КП;регистрация на сайте / API-ключ;;;https://dadata.ru/pricing/;н/п;;;;;;;;;Запрос условий для B2B-площадки ПРОМКОНТУР — Проверка ИНН, ЭДО, оплата счёта;;;;;;;;;не отправлено;
265;Инфраструктура сделки;Проверка ИНН, ЭДО, оплата счёта;Неделя 1;СБИС (Saby, Тензор);офиц. дистрибьютор (ЭДО-оператор);ЭДО счетов, накладных, УПД;Запрос условий сервиса / КП;регистрация оператора / отдел продаж;;;https://saby.ru/tariffs;н/п;;;;;;;;;Запрос условий для B2B-площадки ПРОМКОНТУР — Проверка ИНН, ЭДО, оплата счёта;;;;;;;;;не отправлено;
266;Инфраструктура сделки;Проверка ИНН, ЭДО, оплата счёта;Неделя 2;Checko;офиц. дистрибьютор (API-сервис);проверка контрагента по ИНН/ОГРН;Запрос условий сервиса / КП;регистрация на сайте / API;;;https://checko.ru/integration/api;н/п;;;;;;;;;Запрос условий для B2B-площадки ПРОМКОНТУР — Проверка ИНН, ЭДО, оплата счёта;;;;;;;;;не отправлено;
267;Инфраструктура сделки;Проверка ИНН, ЭДО, оплата счёта;Неделя 2;Диадок (СКБ Контур);офиц. дистрибьютор (ЭДО-оператор);ЭДО счетов, накладных, УПД;Запрос условий сервиса / КП;регистрация / отдел продаж;;;https://diadoc.com/tariffs;н/п;;;;;;;;;Запрос условий для B2B-площадки ПРОМКОНТУР — Проверка ИНН, ЭДО, оплата счёта;;;;;;;;;не отправлено;
268;Инфраструктура сделки;Проверка ИНН, ЭДО, оплата счёта;Неделя 2;СБП B2B (через расчётный банк площадки);банк;приём онлайн-оплаты юрлицом (СБП B2B/эквайринг);Запрос условий сервиса / КП;подключение через расчётный банк площадки;;;;н/п;;;;;;;;;Запрос условий для B2B-площадки ПРОМКОНТУР — Проверка ИНН, ЭДО, оплата счёта;;;;;;;;;не отправлено;
269;Инфраструктура сделки;Доставка по РФ;Неделя 1;ApiShip;площадка (агрегатор ТК);расчёт стоимости и срока доставки в чек-ауте;Запрос условий сервиса / КП;регистрация / отдел продаж;;;https://docs.apiship.ru/docs/api/;н/п;;;;;;;;;Запрос условий для B2B-площадки ПРОМКОНТУР — Доставка по РФ;;;;;;;;;не отправлено;
270;Инфраструктура сделки;Доставка по РФ;Неделя 1;ПЭК;площадка (перевозчик);прямой договор перевозчика для скидок по объёму, забор груза со склада поставщика, страхование груза при перевозке;Запрос условий сервиса / КП;заявка юрлица / договор оферты;;;https://pecom.ru/business/developers/api_public/;н/п;;;;;;;;;Запрос условий для B2B-площадки ПРОМКОНТУР — Доставка по РФ;;;;;;;;;не отправлено;
271;Инфраструктура сделки;Доставка по РФ;Неделя 2;Деловые Линии (Dellin);площадка (перевозчик);прямой договор перевозчика для скидок по объёму, забор груза со склада поставщика;Запрос условий сервиса / КП;регистрация на dev.dellin.ru / договор;;;https://dev.dellin.ru/;н/п;;;;;;;;;Запрос условий для B2B-площадки ПРОМКОНТУР — Доставка по РФ;;;;;;;;;не отправлено;
272;Инфраструктура сделки;Доставка по РФ;Резерв;КИТ (tk-kit.ru);площадка (перевозчик);прямой договор перевозчика для скидок по объёму;Запрос условий сервиса / КП;регистрация / токен API;;;https://tk-kit.ru/developers/api-doc/2.0/order/calculate;н/п;;;;;;;;;Запрос условий для B2B-площадки ПРОМКОНТУР — Доставка по РФ;;;;;;;;;не отправлено;